Actual,RF,XGB,DNN,Ensemble_Weighted,Ensemble_Median,Ensemble_Trimmed
4.3979400086720375,5.290632819081282,5.151909351348877,0.5015277862548828,4.0239948270084795,5.151909351348877,3.648023318895014
5.089909454405932,5.410950885860595,5.330917835235596,5.822661876678467,5.473862108252563,5.410950885860595,5.521510199258219
4.5376020021010435,5.927497795961045,4.947668552398682,3.2152299880981445,4.759516222214138,4.947668552398682,4.69679877881929
5.455931955649724,5.72212761397714,5.357851982116699,5.9075164794921875,5.586337014425681,5.72212761397714,5.662498691862009
5.485452247339714,5.582529734764638,5.0159711837768555,0.826274037361145,4.110186534919873,5.0159711837768555,3.8082583186342127
4.795880017344075,5.165056963925229,4.8451948165893555,0.4514254331588745,3.8267180075657037,4.8451948165893555,3.487225737891153
4.920818753952375,5.629548832331583,5.074584484100342,0.8816174864768982,4.165083821752291,5.074584484100342,3.861916934302941
5.318758762624412,5.3402348040881655,5.084510803222656,4.927335739135742,5.109148037417305,5.084510803222656,5.117360448815521
4.267606240177032,5.557538928326917,4.909604072570801,0.8672661185264587,4.061003297998744,4.909604072570801,3.778136373141392
5.698970004336019,5.344797647826295,4.9440598487854,0.535196840763092,3.9420285465400466,4.9440598487854,3.608018112458262
4.647817481888637,5.220739254045675,5.0743727684021,5.704075336456299,5.268390031826543,5.220739254045675,5.333062452968025
5.42021640338319,5.508513668260968,5.479281425476074,1.5495638847351074,4.504160100987056,5.479281425476074,4.179119659490716
5.638272163982407,5.305878935367712,5.079093933105469,5.54004430770874,5.2510277773218474,5.305878935367712,5.308339058727307
5.856985199745905,5.836064672433203,5.412028789520264,2.097075939178467,4.689299547663049,5.412028789520264,4.448389800377311
4.521439352535898,5.082633147915585,4.658536911010742,2.323129653930664,4.180709155966934,4.658536911010742,4.021433237618997
5.812197361281581,5.670054974807882,5.395394802093506,0.5837922692298889,4.261159212056196,5.395394802093506,3.883080682043759
4.5638373529592435,5.6731786444169465,5.222539901733398,5.877221584320068,5.498870008050953,5.6731786444169465,5.590980043490138
4.114978205137702,5.103164923262477,4.807879447937012,0.5365090370178223,3.8138582140385804,4.807879447937012,3.4825178027391037
5.54065725990424,5.291190500140738,5.18629789352417,2.4181923866271973,4.520494668454068,5.18629789352417,4.298560260097369
5.428291168191312,5.430680851074063,5.399459362030029,5.793510913848877,5.50577762224575,5.430680851074063,5.5412170423176565
4.995678626217358,5.8207602949720645,5.121336460113525,0.746721625328064,4.202538710131795,5.121336460113525,3.896272793471218
5.692503962086787,5.559793038436778,5.365070343017578,0.7261192798614502,4.254013251083347,5.365070343017578,3.8836608871052687
4.4672456210075024,4.733679558120333,4.662054538726807,4.504006862640381,4.640448874553582,4.662054538726807,4.63324698649584
4.425968732272281,4.810772019779435,4.744702339172363,5.2154541015625,4.878907699921665,4.810772019779435,4.923642820171433
5.092588639225414,5.0932818788400205,5.059100151062012,1.323959469795227,4.133860412689818,5.059100151062012,3.8254471665657532
4.595337299126277,4.939813295856022,4.866965293884277,1.7916284799575806,4.11634309089554,4.866965293884277,3.8661356898992936
4.823908740944319,6.006878257971356,5.104465484619141,5.924362659454346,5.5350429716659955,5.924362659454346,5.678568800681614
5.057495893831919,5.386406456462342,5.059899806976318,0.6583572030067444,4.041140818355431,5.059899806976318,3.701554488815135
5.306007158821666,5.349076543080559,5.173468589782715,0.44626301527023315,4.035569184479056,5.173468589782715,3.656269382711169
5.585026652029182,5.767752037536393,5.5807271003723145,4.165914535522461,5.273780193450871,5.5807271003723145,5.171464557810389
5.137272471682025,5.363507971430251,5.156323432922363,0.6642958521842957,4.085112672364819,5.156323432922363,3.7280424188456367
4.204119982655925,5.918888657521546,4.7768473625183105,5.653953552246094,5.281634233701065,5.653953552246094,5.449896524095316
5.8297382846050425,5.6558263323516815,5.359654903411865,4.124542713165283,5.124919713085173,5.359654903411865,5.046674649642943
4.096910013008056,5.744700819931504,4.79336404800415,5.5821356773376465,5.228391148319362,5.5821356773376465,5.373400181757767
5.129005633420008,6.231790375214497,5.491092681884766,0.47057992219924927,4.42113891529582,5.491092681884766,4.06448765976617
4.391580948682715,5.054793824781722,4.8838210105896,1.700379729270935,4.130703893807964,4.8838210105896,3.8796648548807524
5.119186407719209,5.377093879135097,4.963094234466553,2.5488674640655518,4.463037453033438,4.963094234466553,4.2963518592224
5.769551078621726,6.175315425425308,5.2668962478637695,5.813003063201904,5.630527746088688,5.813003063201904,5.751738245496994
5.809668301829708,5.480828691689048,5.19775390625,0.5416358113288879,4.104493078879484,5.19775390625,3.740072803089312
4.44648105985103,4.675000497580991,4.6781206130981445,0.49581170082092285,3.631763356149551,4.675000497580991,3.282977603833353
5.267479682308075,5.243831849228214,4.919753551483154,0.43963152170181274,3.880742618474084,4.919753551483154,3.5344056408043936
5.31695296176115,5.6826219205968265,5.301072120666504,0.5349217653274536,4.204921981814322,5.301072120666504,3.839538602196928
5.38933983691012,5.9571353029939,5.474377155303955,0.46326637268066406,4.342288996570619,5.474377155303955,3.96492627699284
4.680061560019691,5.366969098285596,5.173070430755615,0.3817702531814575,4.0237200532445705,5.173070430755615,3.6406032607408894
4.97469413473523,4.97877629291935,4.736548900604248,5.490407466888428,4.985570390254068,4.97877629291935,5.068577553470675
5.8326826652518236,6.10806212157809,5.28355598449707,4.886123180389404,5.390324317740409,5.28355598449707,5.425913762154855
5,5.69159740550686,5.044897556304932,5.519778251647949,5.3252926924411685,5.519778251647949,5.418757737819914
5.913640169325252,6.373446608601658,5.166675567626953,0.48848098516464233,4.2988196822550515,5.166675567626953,4.009534387131085
5.377785977033705,5.856384170457815,5.565303325653076,3.5916905403137207,5.144670340519422,5.565303325653076,5.004459345474871
4.978810700930062,5.51133051445309,5.306804180145264,0.7169936299324036,4.210483126169005,5.306804180145264,3.8450427748435856
4.244887733604929,4.902588356803514,4.596140384674072,4.240681171417236,4.583887574392223,4.596140384674072,4.579803304298274
5.5951662833800615,5.860830550537058,5.259321689605713,5.652218341827393,5.5079230678939695,5.652218341827393,5.590790193990054
5.337242168318426,6.5819171056822015,5.472228050231934,5.786221981048584,5.828148796798663,5.786221981048584,5.946789045654239
5.619894643379946,5.802123598853056,5.415921211242676,0.37714284658432007,4.252777216980682,5.415921211242676,3.865062552226684
5.236572006437063,5.006425893985837,4.876790523529053,5.580925941467285,5.085233220627806,5.006425893985837,5.154714119660725
4.375717904164332,5.3178738366556075,5.07586145401001,5.62828254699707,5.274469822918174,5.3178738366556075,5.340672612554229
5.853871964321762,6.037536698247016,5.434738636016846,0.39862316846847534,4.326409284687296,5.434738636016846,3.9569661675774457
5.154901959985743,5.204644083462988,5.098782539367676,0.5715264081954956,3.9934338925984587,5.098782539367676,3.6249843436753864
5.236572006437063,5.171115561653157,4.965147018432617,5.146957874298096,5.062091868204122,5.146957874298096,5.094406818127957
5.356547323513812,7.166422155875174,5.276249408721924,5.519647598266602,5.809642142896406,5.519647598266602,5.9874397209545664
4.712870379280889,5.004667588328662,4.655354022979736,4.853296279907227,4.79216797854884,4.853296279907227,4.837772630405208
4.3872161432802645,5.46572547609465,5.064906597137451,4.345577716827393,4.985279096799236,5.064906597137451,4.958736596686498
5.6020599913279625,5.466374033517359,4.8556928634643555,1.0598889589309692,4.0594121798442595,4.8556928634643555,3.793985285304228
5.4698003017969175,5.620841693498318,5.377697944641113,1.519717812538147,4.473988848829673,5.377697944641113,4.172752483559193
5.000434511774017,5.5334864019931285,5.222694396972656,0.6607677936553955,4.15991074739846,5.222694396972656,3.8056495308737266
4.279840696594043,4.767817653201328,4.596696853637695,4.7937421798706055,4.688738385086831,4.767817653201328,4.719418895569876
5.678889950500676,5.819102917096459,5.272836685180664,0.4420517683029175,4.201707013940176,5.272836685180664,3.844663790193347
5.113509274827518,5.1623883361728105,4.951648712158203,3.847966194152832,4.728412988660512,4.951648712158203,4.654001080827949
5.522878745280337,5.220354048105306,5.0706095695495605,4.841044902801514,5.050654522501485,5.0706095695495605,5.044002840152126
5,5.041466798125147,4.986990928649902,1.5969178676605225,4.153091630771368,4.986990928649902,3.8751251981451906
5.376750709602099,4.963143419943186,4.853273391723633,2.401456594467163,4.267786699464404,4.853273391723633,4.072624468711327
4.206209615309181,4.716898928613721,4.574930191040039,5.288979530334473,4.788934710257068,4.716898928613721,4.860269549996078
5.259637310505756,4.91115288171527,4.867219924926758,1.2922873497009277,3.9844700203174286,4.867219924926758,3.6902200521143187
5.481242728391236,6.01855145173902,5.525104999542236,0.49207043647766113,4.390207971825289,5.525104999542236,4.011908962586306
4.580044251510242,4.973470937279841,4.661998748779297,5.5657172203063965,4.965796413786208,4.973470937279841,5.067062302121845
5.259637310505756,6.213683237705742,5.224023818969727,5.844082832336426,5.626453426995405,5.844082832336426,5.760596629670632
5.462180904926726,5.5026825638671175,5.100756645202637,0.4692157506942749,4.043352901241667,5.100756645202637,3.6908849865880096
5.74521031260279,5.689985800691735,5.205890655517578,3.364846706390381,4.8666534545293185,5.205890655517578,4.753574387533232
5.7473636754076995,5.6545365775898,5.397639274597168,0.4806811809539795,4.232624076934529,5.397639274597168,3.8442856777136494
5.7447274948966935,5.22612425861489,4.906895637512207,0.7375455498695374,3.9443652708772103,4.906895637512207,3.6235218153322113
5.769551078621726,5.48005982559081,5.19525146484375,0.49538981914520264,4.091488143605878,5.19525146484375,3.7235670365265876
4.924453038607469,6.526874906872485,5.0946044921875,4.562486171722412,5.3196425157424745,5.0946044921875,5.394655190260799
5.903089986991944,6.024896155123189,5.457387447357178,5.461352825164795,5.600255968750584,5.461352825164795,5.647878809215054
5.3872161432802645,5.420908794957259,5.225556373596191,2.7607083320617676,4.658182468552853,5.225556373596191,4.469057833538406
5.795880017344075,5.147923503714994,5.108380317687988,4.721706867218018,5.0215977515772465,5.108380317687988,4.992670229540333
5.166852888087215,5.234822054658616,5.052548408508301,0.4787881374359131,3.9546767522777824,5.052548408508301,3.5887195335342765
4.364516253185088,5.432550420751671,5.097794055938721,0.36884695291519165,3.999246371386076,5.097794055938721,3.6330638098685277
5.420108428052357,5.968564146686649,5.419431686401367,0.4400293231010437,4.311864210647607,5.419431686401367,3.94267505206302
4.154901959985743,5.903890816354406,4.9353227615356445,6.011784553527832,5.4465802232383815,5.903890816354406,5.616999377139294
4.503070351926785,5.265514165557423,4.985843658447266,0.4232249855995178,3.915106617012868,4.985843658447266,3.558194269868069
5.388701637703571,5.671868939074924,5.32735013961792,0.5999924540519714,4.231640418090684,5.32735013961792,3.8664038442482718
5.3979400086720375,5.4971972931827935,5.2700395584106445,1.0991908311843872,4.284116810297117,5.2700395584106445,3.955475894259275
4.149353764816934,5.219105917248092,4.996220588684082,2.5822784900665283,4.448456396170696,4.996220588684082,4.265868331999568
5.568636235841013,5.991689353392438,5.180630683898926,5.552252769470215,5.476300872665126,5.552252769470215,5.57485760225386
5.570247719997592,5.480255060511528,5.1690168380737305,5.488147735595703,5.326609118063673,5.480255060511528,5.379139878060321
5.221848749616356,5.045106073197016,4.7117533683776855,1.3352714776992798,3.9509710719129165,4.7117533683776855,3.6973769730913273
5.351639989019068,5.420799111948796,5.275683879852295,5.730234622955322,5.425600373652177,5.420799111948796,5.475572538252138
4.920818753952375,4.872395956964545,4.756642818450928,1.0623984336853027,3.862020006887926,4.756642818450928,3.563812403033592
4.657577319177793,5.872600204882203,4.984670639038086,3.260745048522949,4.775671632870331,4.984670639038086,4.706005297481079
5.568636235841013,6.161970662019505,5.419413089752197,5.961987018585205,5.740695965027276,5.961987018585205,5.847790256785636
5.698970004336019,5.79411896939333,5.22398042678833,4.269934177398682,5.128003500092168,5.22398042678833,5.096011191193448
5.292429823902063,5.6317619418964195,5.286160469055176,0.27175456285476685,4.118959360715385,5.286160469055176,3.7298923246021207
5.705533773838407,5.695111923315843,5.356937408447266,4.909146785736084,5.329533381486614,5.356937408447266,5.320398705833064
5.792429823902063,5.753816642791242,5.442245960235596,2.900442123413086,4.88468767166888,5.442245960235596,4.698834908813308
4.818442226137214,5.535769554858875,5.399233818054199,0.53388214111328125,4.217029833020138,5.399233818054199,3.822961838008785
4.831502516476967,5.0730261928848694,4.9070305824279785,5.756715297698975,5.16095066385995,5.0730261928848694,5.245590691003941
4.85078088734462,5.875948750104734,5.338527202606201,5.626924514770508,5.544981917521911,5.626924514770508,5.613800155827148
5,5.6509713999767515,4.87913703918457,5.59204626083374,5.250322934794908,5.59204626083374,5.37405156666502
4.452225294612178,5.229561129469628,5.034549236297607,5.734131813049316,5.25819785377854,5.229561129469628,5.332747392938851
5.358746721248423,5.286638342136966,5.106083393096924,5.51719331741333,5.253999611436036,5.286638342136966,5.303305017549073
5.142667503568732,5.17961714656543,5.053330421447754,5.224483489990234,5.127690369862793,5.17961714656543,5.152477019334473
4.954303745343182,5.1064456825816595,4.919409275054932,3.296104669570923,4.560342225565611,4.919409275054932,4.440653209069171
4.220924369789729,5.07969142550896,4.935819625854492,4.100687503814697,4.763004545258161,4.935819625854492,4.705399518392716
5.804100347590766,5.075449223181623,4.975103378295898,2.805536985397339,4.457798241292689,4.975103378295898,4.285363195624954
5.0400051616715835,5.199184934549679,5.279727458953857,5.459496021270752,5.304533968432036,5.279727458953857,5.312802804924763
5.6777807052660805,5.903238528706694,5.514204025268555,4.973679542541504,5.476331530446327,5.514204025268555,5.463707365505584
4.474955192963154,4.940167318279474,4.773301601409912,0.6048662066459656,3.772909181936316,4.773301601409912,3.439445042111784
4.673664139071248,6.762079275964079,5.3789849281311035,5.959964275360107,5.870003351896599,5.959964275360107,6.03367615981843
5.419075024324381,5.688783839379258,5.443052291870117,2.5665483474731445,4.785359192648159,5.443052291870117,4.566128159574173
4.97469413473523,5.328317806136902,5.175570487976074,0.4793089032173157,4.039691921326591,5.175570487976074,3.6610657324434306
5.935542010773082,5.886836509928763,5.705857276916504,0.4968727231025696,4.448855946716085,5.705857276916504,4.029855503315946
5.209005903048918,5.945670400720845,5.50601863861084,0.492509126663208,4.362554201151433,5.50601863861084,3.9813993886649643
5.747389659432627,5.457785038066464,5.370088577270508,0.4025925397872925,4.150138683098693,5.370088577270508,3.743488718374755
4.36835333704158,5.480673273429167,5.05315637588501,5.871579170227051,5.36464129885656,5.480673273429167,5.468469606513742
5.2839966563652006,5.400544829859603,5.078372001647949,0.5449899435043335,4.025569694164959,5.078372001647949,3.674635591670629
5.675717544702307,5.664871885539193,5.3839850425720215,5.749078750610352,5.545480180323397,5.664871885539193,5.599311892907188
5.149353764816934,5.259209952698394,5.124022960662842,0.5203993320465088,4.006913801517647,5.124022960662842,3.6345440818025816
5.1249387366083,5.054706236146197,4.865581035614014,4.262918949127197,4.762196814125355,4.865581035614014,4.727735406962469
5.26721043400512,5.621240680010904,5.337013244628906,0.4599769711494446,4.18881103510454,5.337013244628906,3.806076965263085
5.443697499232712,5.159664078184031,5.06874942779541,5.477745056152344,5.193726997481798,5.159664078184031,5.235386187377261
4.987162775294828,5.074108432397215,4.954566478729248,4.455913543701172,4.8597887333892205,4.954566478729248,4.828196151609212
4.885389015767827,6.096349596960852,5.403639316558838,5.265646457672119,5.542318671937662,5.403639316558838,5.588545123730603
5.886056647693163,5.162265903063752,5.015500068664551,0.4250051975250244,3.9045678094794694,5.015500068664551,3.534257056417776
5.130768280269024,5.3184375815440905,5.231687545776367,1.8592462539672852,4.410264731766027,5.231687545776367,4.136457127095914
5.607303046740334,5.569569730397999,5.157449722290039,1.0446747541427612,4.23228598228021,5.157449722290039,3.9238980689436
4.87942606879415,5.733566539165052,5.480105876922607,0.4868541359901428,4.295158107250103,5.480105876922607,3.9001755173592674
5.2343314452409855,5.247967520086534,5.087445259094238,3.982351303100586,4.851302335343899,5.087445259094238,4.772588027427119
5.7447274948966935,5.549998178433691,5.105100631713867,1.5174851417541504,4.319421145903894,5.105100631713867,4.057527983967236
4.5598791120522595,5.563297883716866,5.177236557006836,0.4915257692337036,4.102324191741061,5.177236557006836,3.744020069985802
4.900000142057633,5.581421082271282,5.03986120223999,0.6423232555389404,4.075866685572551,5.03986120223999,3.7545351800167377
5.366531544420414,5.458596250384817,5.294148921966553,0.40394002199172974,4.112708529077413,5.294148921966553,3.7188950647810333
5.00788851221305,5.155355788204782,4.882263660430908,2.878002405166626,4.4494713785583055,4.882263660430908,4.305207284600772
5.399027104313252,5.837131022457671,5.151930809020996,0.44197481870651245,4.145741864801543,5.151930809020996,3.8103455500617263
4.628932137728263,5.575190175635633,5.277066707611084,0.4973263144493103,4.156662476326778,5.277066707611084,3.783194399232009
4.849243560139691,5.363276983242676,5.067932605743408,1.9360005855560303,4.358785695071381,5.067932605743408,4.122403391514038
5.245651664288981,5.463044440486607,5.449670791625977,5.762447357177734,5.531208345229073,5.463044440486607,5.558387529763439
4.454692883534176,5.85719180786747,5.476498126983643,5.639424800872803,5.612403215676889,5.639424800872803,5.657704911907972
4.7887050800742585,5.384554506836464,4.935046672821045,0.41489994525909424,3.917386949434412,4.935046672821045,3.5781670416388676
5.886056647693163,6.099988296609316,5.21730375289917,5.55673360824585,5.522832352663377,5.55673360824585,5.624675219251445
5.864867348623225,6.129900991139732,5.0197014808654785,2.7058026790618896,4.7187766579831445,5.0197014808654785,4.6184683836890335
4.113001954328901,5.410347444663718,4.935171604156494,5.479457378387451,5.190037007841039,5.410347444663718,5.274992142402555
5.4358003656410965,5.587545730851086,5.436344623565674,5.803048610687256,5.565820897167423,5.587545730851086,5.6089796550346716
4.309803919971486,4.958932010950882,4.717645168304443,5.581353664398193,4.9938940029894905,4.958932010950882,5.0859769478845065
4.115204636051019,5.332907929514595,5.0524163246154785,0.4292263984680176,3.966741744303392,5.0524163246154785,3.604850217532697
5.089375595110798,5.176507453546809,4.967764377593994,0.7345678210258484,3.961651007440161,4.967764377593994,3.6262798840555504
4.5934598195660445,5.093135305730988,5.075333595275879,0.5132878422737122,3.939272584639115,5.075333595275879,3.5605855810935263
4.9434762759209,4.807840340897147,4.827789783477783,0.7023545503616333,3.791443614553587,4.807840340897147,3.4459948915788545
5.79317412396815,5.529812967001727,4.98737096786499,4.982941627502441,5.1218741325585375,4.98737096786499,5.16670852078972
5.131355561605174,5.357712525427913,5.123887062072754,5.594118118286133,5.299901191964889,5.357712525427913,5.3585725685956
5.0101054362812265,5.167226727693732,5.129209995269775,0.8041754364967346,4.057455538682504,5.129209995269775,3.700204053153414
5.688246138944246,6.448463204478548,5.174740791320801,0.5062581300735474,4.326050729298425,5.174740791320801,4.043154041957632
4.1744440677096435,4.910859052076295,4.980081558227539,4.48515510559082,4.839044318530548,4.910859052076295,4.792031905298218
5.913640169325252,5.923933909946338,5.586282730102539,2.1058239936828613,4.8005808409585695,5.586282730102539,4.538680211243912
5.068542129310995,5.104456947705795,5.035452365875244,1.5142384767532349,4.17240003905238,5.035452365875244,3.8847159301114247
5.4089353929735005,5.5424397545562085,5.216549396514893,5.284382343292236,5.314980222719558,5.284382343292236,5.347790498121112
5.835647144215563,5.830270980058321,4.9401068687438965,5.929515838623047,5.410000139042291,5.830270980058321,5.566631229141755
5.126098402135539,4.944473150222537,4.717536926269531,5.295470714569092,4.918754429332672,4.944473150222537,4.98582693035372
5.275724130399211,6.025567571054179,5.398589611053467,5.336964130401611,5.539927730890681,5.398589611053467,5.587040437503085
5.943095148663527,5.622780352949752,5.324723243713379,0.4351234436035156,4.176837570995007,5.324723243713379,3.7942090134222153
4.142667503568732,5.480103040154064,4.906773090362549,5.204330921173096,5.124495035513064,5.204330921173096,5.197069017229903
5.346787486224656,6.135308453625208,5.541092395782471,3.9571428298950195,5.293659018771292,5.541092395782471,5.211181226434233
5.4089353929735005,5.472127020394151,5.043308734893799,0.4442184567451477,4.000740736731724,5.043308734893799,3.653218070677699
5.243062583910497,6.492510295790579,5.4238600730896,5.822109222412109,5.790584916095472,5.822109222412109,5.912826530430762
5.6777807052660805,5.2581824361682905,5.0087738037109375,0.47450584173202515,3.9375589713305477,5.0087738037109375,3.5804873605370844
5.055517327849832,5.319354257928279,5.13221549987793,0.5698561668395996,4.038410356130934,5.13221549987793,3.673808641548603
5.189095719331299,5.002688604601331,4.865292549133301,4.8707275390625,4.901000310482608,4.8707275390625,4.912902897599044
4.276544327964814,4.6418958264465235,4.496063709259033,5.7032551765441895,4.834319605377194,4.6418958264465235,4.947071570749915
5.384049948343599,6.2803195806564505,5.391463279724121,5.017772674560547,5.52025470366631,5.391463279724121,5.563185178313706
5.6020599913279625,5.500553512825248,4.88190221786499,5.929543972015381,5.298475480142653,5.500553512825248,5.437333234235206
4.450996737974212,5.335654320954589,5.123499393463135,4.763156890869141,5.0864524996875,5.123499393463135,5.074103535095621
5.958607314841775,6.560476883355675,5.438976764678955,5.852060794830322,5.822622801885977,5.852060794830322,5.950504814288317
4.761439372640169,5.045999907324504,4.814635276794434,4.903562545776367,4.8947082516724345,4.903562545776367,4.921399243298435
5.484788695672198,5.74754284702575,5.539836406707764,3.695254325866699,5.130617496576994,5.539836406707764,4.994211193200071
4.301029995663981,5.358735438011381,4.960473537445068,0.6435216069221497,3.980801029955917,4.960473537445068,3.654243527459533
5.91604609499926,5.773727696240387,4.972690105438232,1.6541627645492554,4.343317667916526,4.972690105438232,4.133526855409292
4.729528844468313,5.156171357749926,5.0102081298828125,1.8723472356796265,4.262233713298794,5.0102081298828125,4.012908907770789
5.045757490560675,5.346102293901374,5.186081886291504,3.588869094848633,4.826783790333254,5.186081886291504,4.70701775834717
5.522878745280337,5.535502112643161,5.31519079208374,1.7212175130844116,4.471775302473763,5.31519079208374,4.190636805937104
5.889410289700751,5.714451923215906,5.589076042175293,5.268142223358154,5.540186557731161,5.589076042175293,5.523890062916451
4.798602875679548,5.355619945423381,5.018453598022461,3.035874366760254,4.607100377057139,5.018453598022461,4.469982636735366
5.167491087293763,5.268830639098248,5.042158126831055,0.4448087811470032,3.94948891847684,5.042158126831055,3.585265849025435
5.8297382846050425,5.765786264616077,5.528371810913086,5.654895782470703,5.6193564172282375,5.654895782470703,5.649684619333288
5.026872146400302,5.6604385271075754,5.155252456665039,3.0075056552886963,4.744612273931588,5.155252456665039,4.607732213020437
5.013228265733755,5.245296523209775,5.0413055419921875,5.118871212005615,5.111694704799941,5.118871212005615,5.135157759069193
4.398157210217902,5.688641828019695,5.066695690155029,0.5535612106323242,4.093898604740519,5.066695690155029,3.7696329096023495
5.149966742310231,5.399610218865473,5.293528079986572,0.5005956888198853,4.1218155169146256,5.293528079986572,3.73124466255731
5.6439741428068775,6.356489146731638,5.242444038391113,0.3790786862373352,4.3051139774378004,5.242444038391113,3.9926706237866956
4.301029995663981,5.510047142956919,5.209277153015137,0.5522700548171997,4.120217875951099,5.209277153015137,3.757198116929752
5.337242168318426,5.563863958586109,5.370389938354492,5.585659027099609,5.472575715598675,5.563863958586109,5.506637641346737
4.562249437179612,5.046785829147023,4.750570297241211,5.751262664794922,5.074797272106092,5.046785829147023,5.182872930394385
5.042871802323186,4.88029243049548,4.709320545196533,0.7235366106033325,3.7556175328729697,4.709320545196533,3.4377165287651152
4.269137007953506,4.542789593121148,4.579753875732422,0.5723279714584351,3.5686563290111066,4.542789593121148,3.2316238134373347
4.958607314841775,6.732600081055564,5.38164758682251,5.815493106842041,5.8278470903856565,5.815493106842041,5.9765802582400385
5.619788758288394,5.626485202623621,5.379855155944824,5.257658958435059,5.410963618237082,5.379855155944824,5.421333105667834
4.659952682338607,5.5795375502757745,5.363089084625244,5.644412517547607,5.487532059268467,5.5795375502757745,5.529013050816209
4.806875401645539,5.4743755526384925,5.257658958435059,5.706599712371826,5.424073295470109,5.4743755526384925,5.479544741148459
5.5376020021010435,6.045906279235626,5.4677300453186035,5.681124687194824,5.665622764266915,5.681124687194824,5.731587003916351
4.437707135543525,4.616216434050523,4.6498188972473145,5.590620040893555,4.876618567359676,4.6498188972473145,4.952218457397131
5.87942606879415,5.901227928266858,5.487851142883301,5.419022083282471,5.573988074328982,5.487851142883301,5.602700384810876
5.229147988357856,5.26051369297124,5.202511310577393,1.2466951608657837,4.228057868747952,5.202511310577393,3.9032400548048054
4.942714355581785,5.936517199139989,5.389496326446533,5.092239856719971,5.451937427188256,5.389496326446533,5.472751127435497
5.85078088734462,5.919077190394493,5.077060222625732,0.49536579847335815,4.142140858529829,5.077060222625732,3.8305010704978613
4.34008379993015,5.306665824776274,5.025058269500732,2.9505319595336914,4.576828580827858,5.025058269500732,4.427418684603566
4.823908740944319,5.465421312035905,4.744527816772461,5.444981098175049,5.099864510938969,5.444981098175049,5.2183100756611385
5.739928612014925,6.090769270801752,5.726737976074219,5.303968906402588,5.712053532338194,5.726737976074219,5.707158717759519
4.903089986991944,5.771947166706684,5.250998020172119,5.362658977508545,5.409150546139867,5.362658977508545,5.461868054795783
4.931814138253839,4.9114672435998195,4.80687952041626,5.394747734069824,4.979993504625541,4.9114672435998195,5.037698166028634
5.6020599913279625,6.071914481150676,5.396315574645996,3.085381031036377,4.987481665369762,5.396315574645996,4.851203695611017
4.616184634019569,5.691512009249497,5.121511936187744,0.5904744863510132,4.1312525919939995,5.121511936187744,3.801166143929418
4.542118103266008,5.045160063298808,4.9168548583984375,0.9491788744926453,3.9570121636470823,4.9168548583984375,3.6370645987299635
5.920818753952375,7.036058728657987,5.028431415557861,3.376786231994629,5.117426947942085,5.028431415557861,5.147092125403493
5.175223537524454,6.062132913463742,4.999649524688721,0.4875293970108032,4.137240339962997,4.999649524688721,3.849770611721089
4.651385328620141,5.263731548221664,5.108300685882568,0.44184058904647827,3.9805433772583196,5.108300685882568,3.60462427438357
5.247951552180561,4.749808027833317,4.886374473571777,0.7769820094108582,3.8248847460969326,4.749808027833317,3.471054836938651
5.2225731776106885,5.623209913744928,5.039663791656494,0.4241728186607361,4.0316775789296635,5.039663791656494,3.695682174687386
5.0655015487564325,6.192084304846235,5.098816871643066,5.177238941192627,5.391739247331248,5.177238941192627,5.489380039227309
4.213603538627695,4.482109345563749,4.593653202056885,0.4847830533981323,3.538549700768913,4.482109345563749,3.1868485336729218
5.345823458122039,5.982241518725689,5.581606388092041,5.806906700134277,5.738090248761012,5.806906700134277,5.790251535650669
5.070581074285707,5.329456578819842,5.138365745544434,0.5245905518531799,4.032694655440473,5.138365745544434,3.6641376254058184
5.7423214251308154,5.9746529280211504,5.5917487144470215,5.493452548980713,5.662900726473977,5.5917487144470215,5.686618063816295
4.1938200260161125,5.702057387446644,4.976841926574707,5.933016300201416,5.397189385199368,5.702057387446644,5.537305204740922
5.262807357295263,6.011244580553868,5.4874725341796875,5.854362487792969,5.710138034176553,5.854362487792969,5.784359867508841
4.043447408082601,4.825689517699929,4.661036491394043,2.7582497596740723,4.2265030650405215,4.661036491394043,4.081658589589348
5,5.477031918828177,4.9405951499938965,0.5724063515663147,3.9826571425955715,4.9405951499938965,3.663344473462796
5.207608310501746,5.29099296875303,5.247641563415527,0.4952127933502197,4.070372222233576,5.247641563415527,3.677949108506259
5.366531544420414,5.4127908718075455,4.951303005218506,0.46218109130859375,3.9443944933882875,4.951303005218506,3.608758322778215
5.292429823902063,6.114530986765274,5.441790580749512,5.88226318359375,5.720093832964512,5.88226318359375,5.812861583702845
6.236572006437063,6.407549345289423,6.544440269470215,0.4481455683708191,4.9861438631501684,6.407549345289423,4.466711727710153
6.096910013008056,5.623025476386358,6.118178844451904,0.4630831480026245,4.580616578323198,5.623025476386358,4.068095822946963
6.338187314462739,6.361834908877881,6.446629524230957,0.46748054027557373,4.930643624403842,6.361834908877881,4.425314991128137
6.585026652029182,6.519395412062569,6.4669575691223145,4.986303806304932,6.109903589153032,6.4669575691223145,5.990885595829939
6.607303046740334,6.850457532773458,6.726921081542969,0.5633623003959656,5.21691549906384,6.726921081542969,4.713580304904131
6.214670164989233,5.357167754815595,6.241415977478027,0.46577924489974976,4.57644473866785,5.357167754815595,4.021454325731124
6.440093374963888,6.169190110704582,6.40041971206665,0.44859856367111206,4.854657024627249,6.169190110704582,4.3394027954807814
6.443697499232712,7.685864197761945,6.661005020141602,5.919710159301758,6.731896099336726,6.661005020141602,6.7555264590684345
6.136677139879544,6.26430181522197,6.28645658493042,0.41170740127563477,4.812230596589611,6.26430181522197,4.320821933809341
6.954677021213342,7.042309451465127,6.450286865234375,5.96865177154541,6.477883738369822,6.450286865234375,6.487082696081638
6.050609993355087,6.042597065098419,6.522791385650635,0.4470902681350708,4.88381752613369,6.042597065098419,4.337492906294708
6.259637310505756,6.243456983122007,6.325589656829834,5.70879602432251,6.150858080276047,6.243456983122007,6.092614221424784
6.569320925844654,6.22791077161066,6.434730529785156,0.48159080743789673,4.894740659654717,6.22791077161066,4.381410702944571
6.557520230935552,6.0329897698906825,6.403402328491211,2.6885862350463867,5.382095165479873,6.0329897698906825,5.041659444476093
6.958607314841775,6.835456585106081,6.602667331695557,5.597041606903076,6.409458213850067,6.602667331695557,6.3450551745682375
6.161379077026673,6.02260999689964,6.218799591064453,4.272195339202881,5.683101129557857,6.02260999689964,5.504534975722325
6.552841968657781,7.095774623943527,6.548685550689697,5.703657627105713,6.4742008381071585,6.548685550689697,6.449372600579646
6.906578314837765,6.517498666064734,6.552785873413086,0.481107234954834,5.0260444119614345,6.517498666064734,4.517130591477551
6.346787486224656,6.548260927431433,6.522258281707764,5.440809726715088,6.258396804390512,6.522258281707764,6.1704429786180945
6.0999990348465305,6.672515706000367,6.355676174163818,5.4984660148620605,6.220583517297516,6.355676174163818,6.175552631675416
6.29929628285498,6.5044311106750214,6.634328842163086,3.032886028289795,5.701493705822747,6.5044311106750214,5.390548660375967
6.33161408331,6.270196119085412,6.386130332946777,2.642563819885254,5.421255151216055,6.270196119085412,5.099630090639148
6.508638306165727,6.580201190125571,6.45634126663208,4.675105571746826,6.041997323784139,6.45634126663208,5.903882676168159
6.481486060122113,6.33219733766796,6.3734130859375,5.880764961242676,6.239947117696409,6.33219733766796,6.195458461616045
6.638272163982407,6.3916414407391065,6.454111576080322,5.120678901672363,6.105135873643029,6.3916414407391065,5.988810639497264
6.552841968657781,6.105278284357914,6.2750749588012695,4.654881954193115,5.827577539038392,6.105278284357914,5.678411732450766
6.707743928643524,6.406761456852492,6.491410732269287,5.573012828826904,6.240648937554493,6.406761456852492,6.1570616726495615
6.726404669783042,6.255359133613875,6.426341533660889,0.44597911834716797,4.888505329820705,6.255359133613875,4.375893261873977
6.531652669587842,6.732762365843279,6.628963947296143,3.377511501312256,5.842050440436955,6.628963947296143,5.579745938150559
6.259637310505756,6.3637006524307544,6.306796550750732,5.825028419494629,6.200580543356712,6.306796550750732,6.165175207558705
6.154901959985743,6.367725077778306,6.505309104919434,0.43988192081451416,4.954556302107922,6.367725077778306,4.437638701170751
6.2076083105017466,6.910639266476182,6.46764612197876,5.511436462402344,6.339341993209011,6.46764612197876,6.296573950285762
6.292429823902063,6.376279525866055,6.600313186645508,0.45010459423065186,5.00675262334693,6.376279525866055,4.4755657689140715
6.840011949618013,6.048161684637836,6.401693344116211,4.544675350189209,5.849055930764867,6.048161684637836,5.664843459647752
6.5951662833800615,5.880381762319517,6.44329833984375,5.461451530456543,6.05710749311589,5.880381762319517,5.92837721087327
6.259637310505756,6.145075781553637,6.151205062866211,5.34310245513916,5.947647090606305,6.145075781553637,5.879794433186336
6.958607314841775,7.197190247138215,6.686462879180908,2.022012948989868,5.648032238622475,6.686462879180908,5.301888691769664
6.771514251379088,6.290355116518953,6.494067192077637,0.45916497707366943,4.934413619436974,6.290355116518953,4.414529095223419
6.346787486224656,6.361592954229643,6.413201808929443,5.534660339355469,6.180664227861,6.361592954229643,6.103151700838185
6.180456064458132,5.945739978313919,6.2071757316589355,0.34826916456222534,4.677090151548504,5.945739978313919,4.167061624845027
6.769551078621726,6.48390728731869,6.368725776672363,5.406366348266602,6.1569312972325045,6.368725776672363,6.086333137419218
6.562353587314496,4.6749761881393415,5.89223575592041,4.108532905578613,5.141995151389693,4.6749761881393415,4.891914949879455
6.585026652029182,5.994823600434984,6.500768661499023,1.5694037675857544,5.141441172754696,5.994823600434984,4.688332009839921
6.757210261507661,6.7596987887712094,6.44392204284668,0.4725639224052429,5.030026699217453,6.44392204284668,4.558728251341044
6.483288122256525,6.806185068525368,6.578390598297119,5.819736480712891,6.445675686458124,6.578390598297119,6.4014373825117925
6.562249437179612,6.8256566133073955,6.544009208679199,5.719546318054199,6.408305337179998,6.544009208679199,6.363070713346931
6.449771646944906,6.686580601438199,6.590769290924072,5.9072370529174805,6.443839059050956,6.590769290924072,6.394862315093251
6.301029995663981,6.999443924707333,6.587812423706055,0.481221079826355,5.164072462986449,6.587812423706055,4.689492476079915
6.380906669373258,6.13521578471924,6.428779602050781,0.3780849575996399,4.8427149866051105,6.13521578471924,4.314026781456554
6.142667503568732,6.3492978143431325,6.387315273284912,4.950180530548096,6.018527222865263,6.3492978143431325,5.89559787272538
6.136677139879544,5.562596300021775,6.276941776275635,0.3962394595146179,4.628179828021915,5.562596300021775,4.078592511937343
6.821948810943301,5.920664794177919,6.244076251983643,0.525763988494873,4.73364532166002,5.920664794177919,4.230168344885478
6.621602099051862,6.578727053927444,6.526415824890137,4.34108304977417,5.993160438370472,6.526415824890137,5.8154086428639165
6.317854923626168,6.570346802490923,6.481899738311768,0.47660887241363525,5.002688787882024,6.481899738311768,4.509618471072109
6.259637310505756,6.209179092577065,6.251677513122559,4.780472755432129,5.873251718563578,6.209179092577065,5.747109787043917
6.882728704344236,6.486782673815321,6.5203328132629395,0.7936957478523254,5.080286012048381,6.486782673815321,4.600270411643528
6.259637310505756,6.177146105904942,6.2666192054748535,5.533833026885986,6.061054385935159,6.177146105904942,5.992532779421928
6.096910013008056,5.43983997756011,6.318442344665527,1.4357408285140991,4.8781163738513165,5.43983997756011,4.398007716913246
6.59176003468815,6.166151715479434,6.499627590179443,0.4095231890678406,4.89373252122654,6.166151715479434,4.358434164908906
6.55129368009492,6.3779925656804295,6.477207183837891,5.3990068435668945,6.182853444230776,6.3779925656804295,6.084735531028405
6.7447274948966935,5.749608084470251,6.4193925857543945,5.461915493011475,6.012577187247628,5.749608084470251,5.87697205441204
6.562249437179612,6.517359261377802,6.663232326507568,0.44392073154449463,5.071936161484358,6.517359261377802,4.541504106476622
6.040958607678906,6.311089337940881,6.510942459106445,4.572238445281982,5.976303175358939,6.311089337940881,5.798090080776436
6.8696662315049934,6.73989507054575,6.399709224700928,5.507182598114014,6.261624029515405,6.399709224700928,6.21559563112023
6.900008766455316,6.930148966287478,6.411149501800537,5.869232654571533,6.405420156115021,6.411149501800537,6.40351037421985
6.333482019445119,8.039287368804287,6.83381462097168,5.060901165008545,6.691954443939048,6.83381462097168,6.644667718261504
6.150514997831991,5.713023684689295,6.1309990882873535,0.4684545397758484,4.610869100259963,5.713023684689295,4.104159104250832
6.585026652029182,5.960415860960558,6.416188716888428,0.40155982971191406,4.798588281112332,5.960415860960558,4.259388135853634
6.841805124463402,6.553423631708456,6.554509162902832,5.309582233428955,6.2430060477357685,6.553423631708456,6.139171676013414
6.6020599913279625,6.5191725539069605,6.378735542297363,5.707724094390869,6.2460919332231395,6.378735542297363,6.201877396865064
6.1258081953209285,6.865804639265967,6.4608073234558105,5.4110565185546875,6.299618951183069,6.4608073234558105,6.245889493758821
6.853871964321762,6.441718055274321,6.4871320724487305,0.4618932604789734,4.969468865162689,6.441718055274321,4.463581129400675
6.2839966563652006,6.42877399146243,6.400238513946533,5.656778812408447,6.2215074579409855,6.400238513946533,6.16193043927247
6.920818753952375,7.03898977316527,6.420609474182129,5.937750339508057,6.454489765259396,6.420609474182129,6.465783195618485
6.049878720793501,5.804113723765023,6.415404796600342,0.4964335560798645,4.782839218261393,5.804113723765023,4.2386506921484095
6.154901959985743,5.805865666349622,6.231891632080078,0.45452719926834106,4.68104403244453,5.805865666349622,4.164094832566014
6.455931955649724,6.377590059809946,6.436084747314453,5.631738185882568,6.220374435080355,6.377590059809946,6.148470997668989
6.130768280269024,6.5857446351570434,6.516472816467285,5.512513637542725,6.282800976408584,6.516472816467285,6.204910363055684
6.008773924307505,5.844493874340926,6.116526126861572,3.3694663047790527,5.361753108210781,5.844493874340926,5.110162101993851
6.050305225247582,5.714958249199635,6.372961521148682,0.482879102230072,4.735940098431768,5.714958249199635,4.190266290859463
6.5376020021010435,6.64032235148773,6.682820796966553,5.856992244720459,6.465739047535323,6.64032235148773,6.3933784643915805
6.481486060122113,6.447949420177237,6.474020957946777,0.40870535373687744,4.951174172451918,6.447949420177237,4.443558577286964
6.301029995663981,7.13554438226145,6.538628101348877,3.000030994415283,5.803207894843622,6.538628101348877,5.5580678260085365
6.102372908709558,6.130871088651661,6.252643585205078,5.555922508239746,6.04802019182539,6.130871088651661,5.9798123940321615
6.013228265733755,5.88657999123712,6.174630641937256,4.655009746551514,5.722712755415786,5.88657999123712,5.57207345990863
6.478861916295964,7.793945649618007,6.7201924324035645,5.396195888519287,6.657631600736106,6.7201924324035645,6.636777990180287
6.180229165473678,5.725749290902692,6.3162713050842285,0.44249552488327026,4.7001968564886045,5.725749290902692,4.161505373623397
6.2441251443275085,6.048222722946444,6.275844573974609,5.908401012420654,6.1270782208290795,6.048222722946444,6.077489436447236
6.1938200260161125,6.187664951094514,6.2566938400268555,5.835836887359619,6.134222379626961,6.187664951094514,6.093398559493663
6.136677139879544,6.500245193604618,6.445596218109131,5.670565128326416,6.265500689537324,6.445596218109131,6.205468846680055
6.4752145506787775,6.495759429852909,6.537936687469482,0.871503472328186,5.110784069280015,6.495759429852909,4.635066529883526
6.657182685364267,6.1335895119942645,6.560117721557617,0.4723021388053894,4.9315317734787225,6.1335895119942645,4.388669790785757
6.309803919971486,6.569038767586615,6.518985271453857,5.004336833953857,6.152836536112047,6.518985271453857,6.030786957664777
6.045757490560675,5.889533277687118,6.102682590484619,0.37367045879364014,4.617142229362499,5.889533277687118,4.121962108988459
6.815308569182402,6.464193346284184,6.5376787185668945,4.927366733551025,6.1167293792422495,6.464193346284184,5.976412932800701
6.376750709602099,6.342410689406672,6.490773677825928,0.4644625782966614,4.9471051558387975,6.342410689406672,4.432548981843087
6.167491087293763,5.940702141575199,6.437098026275635,1.7889171838760376,5.150953844500626,5.940702141575199,4.722239117242291
6.716698771296451,6.74330164986967,6.6152262687683105,4.730187892913818,6.175985520080028,6.6152262687683105,6.029571937183933
6.173925197299173,5.796088881053794,6.091564655303955,0.3926701545715332,4.5929720865583095,5.796088881053794,4.093441230309761
6.590066876668706,6.485264568913782,6.521125793457031,4.040172100067139,5.8919220639737455,6.485264568913782,5.682187487479317
6.272458742971444,7.197855889758742,6.506739616394043,5.808077335357666,6.5048531144761235,6.506739616394043,6.504224280503483
6.721246399047171,6.521673723242851,6.456693649291992,5.76494026184082,6.300000320916914,6.456693649291992,6.247769211458555
6.769551078621726,6.295899880974855,6.502655982971191,0.4295855760574341,4.932699355743668,6.295899880974855,4.40938048000116
6.548213564475709,7.1165156562660075,6.697500228881836,4.988329887390137,6.374961500354954,6.697500228881836,6.267448590845993
6.920818753952375,6.971415398691724,6.681758403778076,4.6160407066345215,6.2377432282206,6.681758403778076,6.089738169701441
6.393618634889395,6.464011933314313,6.5459208488464355,5.096785068511963,6.163159674879787,6.464011933314313,6.035572616890904
6.815024809301739,6.3998728823862745,6.523499488830566,0.4417424201965332,4.972153570060986,6.3998728823862745,4.455038263804458
6.036212172654444,5.928795430201909,6.16082239151001,4.413869857788086,5.666077517752504,5.928795430201909,5.501162559833335
6.795880017344075,6.901447927228259,6.520205020904541,5.90168571472168,6.460885920939755,6.520205020904541,6.44111288761816
6.853871964321762,6.7957301558120005,6.587132453918457,4.278701305389404,6.06217409225958,6.587132453918457,5.887187971706621
6.708631149548418,6.859698777197107,6.503671646118164,5.470466613769531,6.3343771708007415,6.503671646118164,6.277945679028267
6.603062918336848,6.55276618645134,6.487828254699707,0.451643168926239,4.995016466194248,6.487828254699707,4.497412536692429
6.3163984738550205,6.501555410790627,6.529736042022705,5.532072067260742,6.273274890524195,6.501555410790627,6.187787840024692
6.769551078621726,6.461979496717375,6.557271957397461,0.4854033589363098,5.015481692612152,6.461979496717375,4.501551604350382
6.431798275933005,6.8034779440249515,6.462691783905029,5.854971408843994,6.395958230169751,6.462691783905029,6.373713712257992
6.684029654543083,6.524740418261519,6.5136613845825195,1.018936038017273,5.142749806360958,6.5136613845825195,4.685779280287104
6.698970004336019,5.328294015789534,6.131083011627197,4.288249492645264,5.469677382922298,5.328294015789534,5.249208840020665
6.204815410317576,6.8475484527972865,6.649190902709961,0.3965293765068054,5.135614908681004,6.649190902709961,4.631089577338018
6.420107856897075,6.092337128441586,6.547657489776611,0.45468562841415405,4.91058443410224,6.092337128441586,4.364893415544117
6.0915149811213505,5.436250989610278,6.121861934661865,3.970984935760498,5.412739948673627,5.436250989610278,5.176365953344214
6.900008766455316,7.261520026399083,6.600029468536377,5.9037885665893555,6.591341882515298,6.600029468536377,6.588446020508272
6.259637310505756,6.39503403181329,6.443196773529053,5.606253147125244,6.22192018149916,6.39503403181329,6.148161317489196
6.428291168191312,6.157343037689916,6.472816467285156,2.6354458332061768,5.434605451366601,6.157343037689916,5.088535112727083
6.508638306165727,6.230503201724163,6.305931568145752,5.794841766357422,6.159302026093272,6.230503201724163,6.110425512075779
6.924453038607469,6.743720923102174,6.697732925415039,4.916657447814941,6.263961055436798,6.697732925415039,6.119370432110718
6.017728766960431,6.172923221461548,6.286080360412598,5.876545429229736,6.15540734287912,6.172923221461548,6.111849670367961
6.826955601938874,5.673137677468812,6.319734573364258,0.5573744177818298,4.717495310494789,5.673137677468812,4.183415556204967
6.050609993355087,6.9945645852914184,6.187350273132324,4.693797588348389,6.015765679976114,6.187350273132324,5.9585708155907104
6.661543506395395,6.951151932098413,6.648489952087402,0.44944947957992554,5.174395328963286,6.648489952087402,4.683030454588581
6.154901959985743,5.842201898379097,6.27585506439209,5.881339073181152,6.068812775086107,5.881339073181152,5.999798678650779
6,5.506190980474034,6.406940937042236,1.9788894653320313,5.074740579972635,5.506190980474034,4.630673794282767
6.247951552180561,6.54767000259855,6.530979633331299,4.324593544006348,5.983555703316874,6.530979633331299,5.801081059978732
6.221848749616356,5.204483892316404,6.103906154632568,0.41813039779663086,4.457606649844543,5.204483892316404,3.9088401482485344
6.330683119433888,6.285404680262769,6.460371494293213,0.45725584030151367,4.915850877287677,6.285404680262769,4.401010671619165
6.145693958198919,6.697591326008019,6.422933101654053,5.860324859619141,6.3509455972338165,6.422933101654053,6.326949762427071
6.161150909262744,6.175791410396469,6.2902092933654785,5.863530158996582,6.1549350390310025,6.175791410396469,6.10984362091951
6.831557093088298,6.1498714765755,6.457368850708008,1.281941533088684,5.0866376777700495,6.1498714765755,4.629727286790731
6.086186147616283,6.592589422346485,6.5212273597717285,5.3998188972473145,6.258715759784314,6.5212273597717285,6.171211893121843
6.850472986245652,7.008979157771129,6.4602556228637695,4.4795074462890625,6.102249462446933,6.4602556228637695,5.98291407564132
6.428291168191312,6.448875555798499,6.520183086395264,0.494629442691803,4.995967792820207,6.448875555798499,4.4878960282951885
6.795880017344075,6.754730650253642,6.4210357666015625,5.9968414306640625,6.398410903530207,6.4210357666015625,6.390869282506422
6.7447274948966935,6.56602445099825,6.512582302093506,5.913294315338135,6.376120842630849,6.512582302093506,6.33063368947663
6.259637310505756,6.185843540962309,6.201441287994385,5.691048622131348,6.069943684770607,6.185843540962309,6.026111150362681
6.815024809301739,7.163122046334868,6.508988857269287,5.551878452301025,6.433244553293617,6.508988857269287,6.407996451968393
6.327902142064283,6.409002880907183,6.476779937744141,5.30238676071167,6.166237379276783,6.409002880907183,6.0627231931209975
6.380906669373258,6.636720293893198,6.577512264251709,0.3206866979598999,5.028107880089129,6.577512264251709,4.511639752034935
6.686132779630847,6.298260061189733,6.372827529907227,5.3261399269104,6.092513761978647,6.298260061189733,5.999075839335787
6.144012072824122,5.67748633289677,6.159747123718262,1.2923427820205688,4.8223308405884655,5.67748633289677,4.376525412878533
6.527243550682788,6.6299060406201775,6.632011890411377,4.520344257354736,6.103568519699417,6.6299060406201775,5.927420729462097
6.346787486224656,6.880492470709374,6.470223426818848,5.382648944854736,6.300897067300451,6.470223426818848,6.244454947460986
6.769551078621726,6.817684954197222,6.613299369812012,5.312963962554932,6.339311914094044,6.613299369812012,6.247982762188055
6.301029995663981,6.486110569207525,6.477880001068115,5.677045822143555,6.279729098371828,6.477880001068115,6.213678797473065
6.764471553092451,6.777893121850618,6.58459997177124,5.2924370765686035,6.309882535490425,6.58459997177124,6.218310056730154
6.508638306165727,6.4395470377000015,6.563671588897705,0.9194416403770447,5.121582963968114,6.4395470377000015,4.640886755658251
6.508638306165727,6.635077563725565,6.582679748535156,5.4918670654296875,6.323076031556392,6.582679748535156,6.2365414592301365
6.769551078621726,6.853316007435967,6.6047539710998535,0.45537716150283813,5.129550277784628,6.6047539710998535,4.637815713346219
6.519993057042849,7.347521364699445,6.724503040313721,5.519927501678467,6.579113736751339,6.724503040313721,6.530650635563878
6.468521082957745,6.694637168444716,6.399367332458496,3.1179866790771484,5.652839628109714,6.399367332458496,5.403997059993453
6.259637310505756,6.527099150378966,6.376255989074707,5.719010829925537,6.249655489613479,6.376255989074707,6.207455323126403
6.7447274948966935,6.6090270596267615,6.651217460632324,0.6574802994728088,5.142235570091055,6.6090270596267615,4.639241606577298
6.585026652029182,5.66931342230355,6.305680751800537,0.4094458222389221,4.672530187035886,5.66931342230355,4.1281466654476695
6.259637310505756,6.2022622683351605,6.189127445220947,5.502068996429443,6.020646538801625,6.189127445220947,5.96448623666185
6.98654551349453,6.7372019143061,6.5363078117370605,0.41820186376571655,5.057004850386484,6.5363078117370605,4.563903863269625
6.221848749616356,6.0721513977194705,6.516691207885742,6.018840789794922,6.281093650821469,6.0721513977194705,6.202561131800045
6.6777807052660805,5.9687714065426185,6.410748481750488,1.7154088020324707,5.1264192930190164,5.9687714065426185,4.6983095634418595
7.721246399047171,6.6780231082772925,7.273591041564941,5.811794757843018,6.759249987312549,6.6780231082772925,6.5878029692284175
7.356547323513812,7.188017392345305,7.649930477142334,5.552340030670166,7.010054594325035,7.188017392345305,6.796762633385935
8.280728825606944,8.121923343538876,8.27862548828125,5.0048041343688965,7.420994613617568,8.121923343538876,7.135117655396341
7.818156412055227,7.421011682798565,7.569431304931641,5.861002445220947,7.105219184470698,7.421011682798565,6.950481810983717
7.522878745280337,6.8217118492056485,7.59798526763916,5.327022552490234,6.836176234243551,6.8217118492056485,6.582239889778347
7.863279432843593,7.241423173122266,7.603419780731201,0.5232108235359192,5.7428683895301464,7.241423173122266,5.122684592463129
8.130768280269024,7.587588169585969,7.821649074554443,5.92466402053833,7.288887584808297,7.587588169585969,7.111300421559581
7.920818753952375,7.560855022446999,7.736946105957031,4.993156909942627,7.006976036075923,7.560855022446999,6.763652679448886
7.346787486224656,7.295834634290359,7.238705158233643,0.6759315133094788,5.6122941160167805,7.238705158233643,5.070157101944494
7.335358024443875,7.079576705409056,7.44962739944458,5.581353187561035,6.890046172964813,7.079576705409056,6.703519097471557
7.853871964321762,7.677345291040077,7.871801376342773,5.762580394744873,7.295882109617624,7.677345291040077,7.103909020709241
7.769551078621726,5.579430504393207,7.1827311515808105,0.489113986492157,5.108501698511747,5.579430504393207,4.417091880822058
7.015922966097169,6.989842192702491,7.35290002822876,0.5309678912162781,5.556652535094072,6.989842192702491,4.957903370715843
7.671620396561262,7.566193617711909,7.792285442352295,5.9406208992004395,7.272846350404235,7.566193617711909,7.099699986421548
7.202792674343291,6.743622277027702,7.523306369781494,0.4174838066101074,5.5519297058002,6.743622277027702,4.894804151139768
7.886056647693163,7.512058303494351,7.523677825927734,5.6535797119140625,7.05324841681597,7.512058303494351,6.896438613778716
7.239758233629604,6.278984605701379,7.124615669250488,0.47884392738342285,5.251764967896444,6.278984605701379,4.62748140077843
8.119186407719209,7.647524989482819,7.665505409240723,5.192342281341553,7.042719522326454,7.647524989482819,6.8351242266883645
7.0655015487564325,6.5665860772265505,7.186648845672607,0.6157976388931274,5.388920351866223,6.5665860772265505,4.7896775205974285
7.769551078621726,7.807646746056461,7.902612209320068,5.973740100860596,7.396652816389299,7.807646746056461,7.227999685412375
7.412289034981089,7.474420783918062,7.62664270401001,5.87968635559082,7.151848136882226,7.474420783918062,6.993583281172964
7.628932137728263,7.6597213886957185,7.678757190704346,5.919821262359619,7.234264258116007,7.6597213886957185,7.086099947253228
7.036212172654444,7.1125280295527995,7.446516990661621,5.196468830108643,6.800507710246171,7.1125280295527995,6.585171283441021
8.20551195334083,7.091531222220003,8.343822479248047,5.154000759124756,7.233294234960213,7.091531222220003,6.863118153530936
7.187086643357144,6.92700994231523,7.3438286781311035,0.49515682458877563,5.527456030791553,6.92700994231523,4.9219984816783695
7.886056647693163,7.2050936917373765,7.402335166931152,4.973810195922852,6.745893555380633,7.2050936917373765,6.527079684863794
7.698970004336019,7.294973002412135,7.480717658996582,5.500149250030518,6.939139392608954,7.294973002412135,6.758613303813078
7.346787486224656,7.342044175647046,7.481709003448486,4.325468063354492,6.657732561474628,7.342044175647046,6.3830737474833414
7.434152181326482,5.8880820386724055,7.1620259284973145,4.621009349822998,6.208285811372508,5.8880820386724055,5.890372438997573
8.67778070526608,8.208437321619266,8.221541404724121,5.909872055053711,7.640348046530304,8.208437321619266,7.446616927132366
9.045757490560675,7.011986110692012,8.120650291442871,5.7478413581848145,7.250282012940643,7.011986110692012,6.960159253439899
9.309803919971486,7.734404316029564,7.799046039581299,5.811502933502197,7.28599983217359,7.734404316029564,7.114984429704354
9.496724195456675,8.257427215644999,8.404780387878418,5.951571941375732,7.754639983194392,8.257427215644999,7.537926514966383
7.585026652029182,7.416881745645578,7.853932857513428,4.512773036956787,6.909380124407305,7.416881745645578,6.594529213371931
7.769551078621726,7.528103764761309,7.79149055480957,4.782684326171875,6.973442300138081,7.528103764761309,6.700759548580918
7.522878745280337,6.379232382165579,7.320116996765137,0.42547255754470825,5.36123473331014,6.379232382165579,4.708273978825141
7.0915149811213505,6.429646916723024,7.218543529510498,0.4672112464904785,5.333486305558624,6.429646916723024,4.705133897574667
7.013228265733755,6.978557620466669,7.409933567047119,5.720884799957275,6.879827388629545,6.978557620466669,6.703125329157021
7.031743128760553,5.849186337206111,7.323678493499756,5.505047798156738,6.50039778059059,5.849186337206111,6.225970876287535
7.2839966563652006,6.548622239784849,7.12841796875,0.46498483419418335,5.317610752869758,6.548622239784849,4.714008347576344
7.029188389127482,7.2995508332975305,7.624848365783691,5.929482936859131,7.119682625431011,7.2995508332975305,6.951294045313451
7.455931955649724,6.809837742826986,7.385488986968994,4.6504597663879395,6.557818870788228,6.809837742826986,6.281928832061307
7.962573502059376,7.42492280851699,7.520694732666016,5.584160327911377,7.012618150440099,7.42492280851699,6.8432592896981275
7.552841968657781,7.179027006352777,7.684077262878418,3.775163412094116,6.580586236050932,7.179027006352777,6.212755893775103
7.262489309326524,7.294204822700847,7.988663673400879,5.837460517883301,7.277248171846477,7.294204822700847,7.040109671328342
7.585026652029182,7.615709481457212,7.86553955078125,5.944403171539307,7.322797938639755,7.615709481457212,7.141884067925923
7.3979400086720375,7.2058830158608425,7.6908674240112305,5.364884853363037,6.988125679311585,7.2058830158608425,6.75387843107837
7.101296975161809,8.078353744919276,8.131357192993164,5.61413049697876,7.488799656971091,8.078353744919276,7.2746138116304
7.251811972993799,6.9182607620443886,7.290329933166504,4.703310489654541,6.550557779507985,6.9182607620443886,6.303967061621811
7.638272163982407,7.503837045274399,7.767279148101807,5.509562969207764,7.136989577671444,7.503837045274399,6.9268930541946565
8.397940008672037,6.707854914514729,7.7052178382873535,2.371131181716919,6.122355443201589,6.707854914514729,5.594734644839667
7.152465023828446,6.304855577291521,7.217703819274902,0.7066226601600647,5.361721469000347,6.304855577291521,4.743060685575496
7.113509274827518,7.3264826446443205,7.713831901550293,5.895517826080322,7.162416068456308,7.3264826446443205,6.978610790758312
7.441291429466834,7.302111298804172,7.535218715667725,5.264406204223633,6.909238733590813,7.302111298804172,6.700578739565176
7.171764031465925,6.681715359133279,7.222057342529297,0.3451070189476013,5.367734265784868,6.681715359133279,4.749626573536726
7.4089353929735005,7.280352628042795,7.417942523956299,6.006706714630127,7.03073609764638,7.280352628042795,6.901667288876407
7.275724130399211,7.30723036268983,7.521674156188965,5.225808620452881,6.89409682388016,7.30723036268983,6.684904379777225
7.795880017344075,7.687831530285171,8.120770454406738,5.744939804077148,7.4185780607939495,7.687831530285171,7.184513929589686
7.552841968657781,6.8153964658875426,7.356689929962158,5.962779521942139,6.872888961938499,6.8153964658875426,6.71162197259728
7.393618634889395,6.8969694343828385,7.330148696899414,0.44282066822052,5.500021874100547,6.8969694343828385,4.889979599834257
7.939302159646388,7.575767614135124,7.792285442352295,5.938816547393799,7.274788761558378,7.575767614135124,7.102289867960406
7.113509274827518,6.022578546877583,7.207575798034668,0.4190725088119507,5.214200662939717,6.022578546877583,4.549742284574734
7.853871964321762,7.129500330515154,7.901724338531494,5.961501598358154,7.223612651484074,7.129500330515154,6.997575422468268
7.482804102050026,7.598402008418444,7.715594291687012,5.849344253540039,7.219733711333126,7.598402008418444,7.054446851215165
8.154901959985743,7.277722145873376,7.814760208129883,5.878052234649658,7.1963236991957,7.277722145873376,6.990178196217639
7.096910013008056,6.517047913870292,7.327040195465088,5.252636909484863,6.605941303571333,6.517047913870292,6.365575006273414
7.958607314841775,7.532867392447727,7.890120983123779,5.927426815032959,7.310134043432061,7.532867392447727,7.116805063534822
7.309803919971486,6.960218657803668,7.343557834625244,1.3291596174240112,5.744123486119542,6.960218657803668,5.210978703284308
7.2441251443275085,7.183659141255667,7.536925792694092,5.829687118530273,7.021799461293531,7.183659141255667,6.850090684160011
7.721246399047171,7.3011544758815035,7.719223499298096,5.904412269592285,7.161003436017495,7.3011544758815035,6.974930081590628
8.096910013008056,7.133955159093517,7.890026569366455,1.2180500030517578,6.033014575219546,7.133955159093517,5.414010577170576
7.853871964321762,7.463091583004462,7.997130870819092,3.157564163208008,6.653729371962664,7.463091583004462,6.205928872343854
8.581521631470224,6.994820916774893,7.64285135269165,5.832818984985352,7.028335651785886,6.994820916774893,6.823497084817299
7,6.937064646836072,7.46353816986084,2.8432068824768066,6.176836967258639,6.937064646836072,5.74793656639124
7.2441251443275085,7.416195475357811,7.491120338439941,5.434636116027832,6.958268067066381,7.416195475357811,6.7806506432751945
7.732828271596986,7.199025380368585,7.587175369262695,5.642451763153076,7.003956970511763,7.199025380368585,6.809550837594785
7.259637310505756,6.792994576406867,7.230809211730957,0.4872119426727295,5.435456235635378,6.792994576406867,4.837005243603518
7.958607314841775,7.408587016117283,7.6421990394592285,5.950682163238525,7.160916814568567,7.408587016117283,7.000489406271679
7.3979400086720375,7.200146106992658,7.665098667144775,5.579885482788086,7.027557231017574,7.200146106992658,6.815043418975173
7.2839966563652006,7.05247237716909,7.836015701293945,5.479514122009277,7.051004475441564,7.05247237716909,6.789334066824104
8.397940008672037,7.72865333387174,8.069439888000488,5.842082977294922,7.42740402179191,7.72865333387174,7.21339206638905
7.379201858922964,6.851885589608353,7.3556809425354,0.44554245471954346,5.502197482349674,6.851885589608353,4.8843696622877655
7.187086643357144,7.497099143409911,7.584279537200928,4.009860038757324,6.668879564142273,7.497099143409911,6.363746239789387
7.540607512240769,7.421354839809305,7.570873737335205,5.765706539154053,7.082202213408442,7.421354839809305,6.919311705432854
7.920818753952375,7.397048020542319,7.786074161529541,5.70791482925415,7.169277793213888,7.397048020542319,6.963679003775336
7.638272163982407,7.50635590385854,7.519601345062256,5.788804054260254,7.083590662060827,7.50635590385854,6.938253767727017
8.301029995663981,7.217935980647326,7.660186290740967,5.058047294616699,6.89908896418649,7.217935980647326,6.645389855334997
7.5713337517843655,7.337657207956734,7.34399938583374,4.868862628936768,6.723629652140246,7.337657207956734,6.516839740909081
7.962180904926726,5.982683385282158,7.236785888671875,0.6446782946586609,5.275233364321142,5.982683385282158,4.621382522870898
7.641494088509765,7.691957489724036,8.078926086425781,4.897371292114258,7.186795238672464,7.691957489724036,6.889418289421358
7.301029995663981,6.482102935615659,7.364086151123047,1.3640775680541992,5.6435882014789875,6.482102935615659,5.070088884930969
8.500038134403809,6.684242385887793,7.460021018981934,5.565038681030273,6.792330776220483,6.684242385887793,6.569767361966667
7.462180904926726,7.233587388148371,7.599894046783447,5.423917293548584,6.964323193815963,7.233587388148371,6.7524662428268005
7.853871964321762,7.659654579869972,7.774308681488037,5.798183441162109,7.251613846002039,7.659654579869972,7.077382234173373
7.06198090252379,6.899150434332403,7.312254905700684,1.2065173387527466,5.682544396121629,6.899150434332403,5.139307559595277
7.5718652059712115,7.395202435638412,7.711309909820557,5.677282810211182,7.123776266372676,7.395202435638412,6.927931718556716
7.0528696677765055,6.023079379337281,7.345256328582764,0.4901679754257202,5.3009400029821325,6.023079379337281,4.619501227781922
7.309803919971486,7.328410457093484,7.555750370025635,5.521908283233643,6.990454870094599,7.328410457093484,6.802023036784254
7.45717457304082,7.258277574278118,7.378622531890869,0.49057477712631226,5.626524353796542,7.258277574278118,5.0424916277650995
7.657577319177793,6.117290295400136,7.34950065612793,5.850718021392822,6.666752407262204,6.117290295400136,6.439169657640296
7.853871964321762,7.463973255512982,7.5456013679504395,5.631550312042236,7.046681575864024,7.463973255512982,6.8803749785018855
7.920818753952375,7.348912448048933,7.76215934753418,5.806140899658203,7.169843010693874,7.348912448048933,6.972404231747105
7.432973633840939,7.496750821003333,7.9686431884765625,5.756971836090088,7.297752258511636,7.496750821003333,7.074121948523328
8.684029654543082,7.808089506338593,8.143653869628906,5.893045425415039,7.497110667752861,7.808089506338593,7.2815962671275125
7.301029995663981,6.333368464511021,7.274370193481445,3.597113847732544,6.119805674801614,6.333368464511021,5.73495083524167
7.5376020021010435,7.378791133126722,7.470487594604492,1.2331007719039917,5.8882167735599245,7.378791133126722,5.3607931665450685
7.657577319177793,7.2036514589742735,7.6646809577941895,5.527684211730957,7.015174396573403,7.2036514589742735,6.798672209499807
7.6777807052660805,7.488119740399688,7.590484619140625,2.5885720252990723,6.314415250995003,7.488119740399688,5.889058794946462
9.397940008672037,8.584038162630915,9.031404495239258,5.804448127746582,8.112823820214004,8.584038162630915,7.806630261872251
8.045757490560675,7.633340316171897,7.691558837890625,5.494615077972412,7.12776826748139,7.633340316171897,6.939838077344978
7,6.217542001264958,7.315202236175537,0.53597491979599,5.345980348353006,6.217542001264958,4.689573052412162
7.87942606879415,7.625265935906905,7.605374813079834,5.6228718757629395,7.114721859457378,7.605374813079834,6.951170874916559
7.769551078621726,7.597572907601806,7.64097261428833,5.826320171356201,7.1764595768836665,7.597572907601806,7.021621897748779
7.090979145788844,7.4784139200378315,7.597220420837402,5.74725866317749,7.105028356222531,7.4784139200378315,6.940964334684241
7.876148359032914,7.575251559418109,7.513281345367432,5.898063659667969,7.1249694774552355,7.513281345367432,6.99553218815117
7.56656109283125,7.006871953622581,7.319613456726074,4.847508430480957,6.623401824388922,7.006871953622581,6.391331280276537
7.026872146400302,6.1264082592005,7.0435357093811035,3.485869884490967,5.924837390613418,6.1264082592005,5.55193795102419
7.356547323513812,6.907845844089674,7.588420867919922,5.732966423034668,6.954413500741047,6.907845844089674,6.743077711681421
7.400007822415902,7.676047138958214,8.0284423828125,5.912067890167236,7.411249948687613,7.676047138958214,7.20551913731265
9.619788758288394,6.581061170037325,8.564787864685059,5.582134246826172,7.323192786558403,6.581061170037325,6.909327760516185
7.5376020021010435,7.579915435335907,7.634644985198975,5.721358299255371,7.1426409262473065,7.579915435335907,6.978639573263417
7.214670164989233,6.7467080686140095,7.317028999328613,0.4486572742462158,5.457355835379363,6.7467080686140095,4.837464780729613
7.008773924307505,6.853841676997852,7.5485520362854,5.726667404174805,6.9194032884358645,6.853841676997852,6.709687039152685
7.522878745280337,7.179723413970652,7.3936614990234375,5.931167125701904,6.974553384429858,7.179723413970652,6.834850679565331
8,7.766115404559948,7.844367504119873,5.690495491027832,7.286336475956881,7.766115404559948,7.1003261332358845
7.080921907623926,6.219265568361182,7.285974979400635,5.397867202758789,6.54727068248031,6.219265568361182,6.301035916840202
7.954677021213342,7.385251859338495,7.5218095779418945,4.162569999694824,6.647860253729277,7.385251859338495,6.3565438123250715
7.259637310505756,6.658185333530951,7.392523765563965,0.4350784420967102,5.469577826688898,6.658185333530951,4.828595847063875
7.721246399047171,7.731105508518626,7.811159610748291,5.771878242492676,7.2813257431269705,7.731105508518626,7.104714453919864
7.327902142064283,6.735975746671644,7.43258810043335,0.4713277816772461,5.518119932303898,6.735975746671644,4.879963876260747
