Actual,RandomForest,XGBoost,Ensemble_Equal,Ensemble_Weighted,Ensemble_Median,Ensemble_Rank,Ensemble_Stacking,Ensemble_ErrorWeighted,Ensemble_BMA
4.3979400086720375,5.290632819081282,5.151909351348877,5.221271085215079,5.212917001997073,5.221271085215079,5.362893932812955,5.139689128625546,5.215434777132286,5.203468948231382
5.089909454405932,5.410950885860595,5.330917835235596,5.3709343605480955,5.366114680244241,5.3709343605480955,5.700670546369689,5.321750773465584,5.365256414156798,5.360663860871734
4.5376020021010435,5.927497795961045,4.947668552398682,5.4375831741798635,5.378576755338415,5.4375831741798635,5.687843586361205,4.952246173687124,5.171188776524236,5.311843422286001
5.455931955649724,5.72212761397714,5.357851982116699,5.5399897980469195,5.518052709877207,5.5399897980469195,6.046998466598746,5.356822386020395,5.456390942462308,5.493242951214116
5.485452247339714,5.582529734764638,5.0159711837768555,5.299250459270747,5.265131666248969,5.299250459270747,5.465509612880823,5.0114733921671215,5.484797251340637,5.226545003598137
4.795880017344075,5.165056963925229,4.8451948165893555,5.005125890257292,4.98586343206753,5.005125890257292,4.836988572465128,4.82985430746701,4.883468575561099,4.964078547252887
4.920818753952375,5.629548832331583,5.074584484100342,5.352066658215962,5.318646081121582,5.352066658215962,5.606606172974143,5.071286109004846,5.173936570846057,5.28084906605385
5.318758762624412,5.3402348040881655,5.084510803222656,5.212372803655411,5.196972816767878,5.212372803655411,5.332964359459826,5.073627348543515,5.317933182091659,5.17955619542148
4.267606240177032,5.557538928326917,4.909604072570801,5.233571500448859,5.194552134848259,5.233571500448859,5.2859321727620525,4.904510379955368,5.12503099890445,5.150423167674104
5.698970004336019,5.344797647826295,4.9440598487854,5.144428748305847,5.120295867427709,5.144428748305847,5.110630385979444,4.933373602236862,5.216696461026097,5.093002776120432
4.647817481888637,5.220739254045675,5.0743727684021,5.147556011223887,5.138741656872883,5.147556011223887,5.187592146030346,5.060364317139495,5.136860235452403,5.128773059284743
5.42021640338319,5.508513668260968,5.479281425476074,5.493897546868521,5.492137148337069,5.493897546868521,5.9871393198924885,5.472588317030441,5.491036971968503,5.490146224911942
5.638272163982407,5.305878935367712,5.079093933105469,5.19248643423659,5.178829186386146,5.19248643423659,5.2859321727620525,5.067313402073223,5.221265015235779,5.163383516452642
5.856985199745905,5.836064672433203,5.412028789520264,5.624046730976733,5.598510813289692,5.624046730976733,6.213748946709032,5.413954212754695,5.816198144705071,5.569630956940719
4.521439352535898,5.082633147915585,4.658536911010742,4.870585029463164,4.8450454771908635,4.870585029463164,4.695892012371808,4.641140243130899,4.742168751604755,4.816161510306234
5.812197361281581,5.670054974807882,5.395394802093506,5.532724888450694,5.516184544001158,5.532724888450694,6.034171506590262,5.392980220582212,5.599966969031786,5.4974782348126885
4.5638373529592435,5.6731786444169465,5.222539901733398,5.4478592730751725,5.420721301258477,5.4478592730751725,5.858869719807653,5.220302743349072,5.3904947966165535,5.390029601149092
4.114978205137702,5.103164923262477,4.807879447937012,4.955522185599744,4.937739762234318,4.955522185599744,4.785680732431193,4.790938096038166,4.929619346900122,4.917628723397804
5.54065725990424,5.291190500140738,5.18629789352417,5.238744196832454,5.232427446112823,5.238744196832454,5.431304386191534,5.1740732645483805,5.247824738631513,5.225283514353213
5.428291168191312,5.430680851074063,5.399459362030029,5.415070106552046,5.41318991337401,5.415070106552046,5.8118375331098795,5.3907712924916185,5.427495233871707,5.411063508145286
4.995678626217358,5.8207602949720645,5.121336460113525,5.471048377542795,5.4289282877225435,5.471048377542795,5.858869719807653,5.123021682864038,5.214318337795778,5.381292555248674
5.692503962086787,5.559793038436778,5.365070343017578,5.462431690727178,5.450705271048104,5.462431690727178,5.88452363982462,5.3597838346183195,5.503454492693224,5.437443272009345
4.4672456210075024,4.733679558120333,4.662054538726807,4.69786704842357,4.693553709215101,4.69786704842357,4.567622412286973,4.635513868832504,4.692329841157866,4.688675536507481
4.425968732272281,4.810772019779435,4.744702339172363,4.777737179475899,4.7737583890159945,4.777737179475899,4.618930252320907,4.720135671559395,4.774643646926345,4.7692585743497276
5.092588639225414,5.0932818788400205,5.059100151062012,5.076191014951016,5.074132552867704,5.076191014951016,5.072149505953993,5.041760954819633,5.091682235618876,5.071804534349065
4.595337299126277,4.939813295856022,4.866965293884277,4.90338929487015,4.899002306275607,4.90338929487015,4.717270279052614,4.8457117020582325,4.899096464323543,4.89404083976527
4.823908740944319,6.006878257971356,5.104465484619141,5.555671871295248,5.50132755934279,5.555671871295248,6.004241933237133,5.111036046324465,5.2778369271710694,5.439866837946151
5.057495893831919,5.386406456462342,5.059899806976318,5.2231531317193305,5.203490534138505,5.2231531317193305,5.332964359459826,5.0502395895550025,5.063234196439409,5.181253111519069
5.306007158821666,5.349076543080559,5.173468589782715,5.2612725664316375,5.250697258017174,5.2612725664316375,5.465509612880823,5.162767582193343,5.305503413448113,5.23873710872476
5.585026652029182,5.767752037536393,5.5807271003723145,5.674239568954354,5.662976716933345,5.674239568954354,6.290710706759933,5.580769546657588,5.585970579515825,5.6502389899233805
5.137272471682025,5.363507971430251,5.156323432922363,5.259915702176308,5.2474388162933945,5.259915702176308,5.469785266216984,5.146009988116949,5.173122772176974,5.2333280772004365
4.204119982655925,5.918888657521546,4.7768473625183105,5.347868010019928,5.279092999037209,5.347868010019928,5.529644412923241,4.781293900461524,5.063032769356537,5.201311872785071
5.8297382846050425,5.6558263323516815,5.359654903411865,5.507740617881773,5.489904841393458,5.507740617881773,5.965761053211683,5.356887316912983,5.575633922042547,5.469733462821216
4.096910013008056,5.744700819931504,4.79336404800415,5.269032433967827,5.211741863807329,5.269032433967827,5.388547852829921,4.793237994172204,5.076162184995705,5.146949070508754
5.129005633420008,6.231790375214497,5.491092681884766,5.861441528549632,5.816835880560796,5.861441528549632,6.679795160350602,5.503341798746085,5.674433680778892,5.7663891050793685
4.391580948682715,5.054793824781722,4.8838210105896,4.969307417685661,4.959011242560245,4.969307417685661,4.811334652448161,4.865570413778894,4.956679818656392,4.947366779173023
5.119186407719209,5.377093879135097,4.963094234466553,5.170094056800824,5.145162532666366,5.170094056800824,5.179040839358023,4.953243574480173,5.119431156241156,5.116966215448071
5.769551078621726,6.175315425425308,5.2668962478637695,5.721105836644538,5.6663998122765395,5.721105836644538,6.363396813474673,5.277789785630846,5.769444654585038,5.604530012078485
5.809668301829708,5.480828691689048,5.19775390625,5.339291298969524,5.322244217079682,5.339291298969524,5.649362706335754,5.190491176246692,5.381789837116882,5.3029648129798765
4.44648105985103,4.675000497580991,4.6781206130981445,4.676560555339568,4.676748452204505,4.676560555339568,4.563346758950812,4.650033756040189,4.676550023119022,4.676960954239258
5.267479682308075,5.243831849228214,4.919753551483154,5.081792700355685,5.062276340847323,5.081792700355685,4.978085132558447,4.906435594803282,5.222438210250048,5.040204306234585
5.31695296176115,5.6826219205968265,5.301072120666504,5.491847020631665,5.468869662636402,5.491847020631665,5.961485399875521,5.299038934012499,5.317864937514506,5.44288341039692
5.38933983691012,5.9571353029939,5.474377155303955,5.715756229148928,5.686683990645258,5.715756229148928,6.397602040163963,5.479439967857697,5.537805892295418,5.6538047308505295
4.680061560019691,5.366969098285596,5.173070430755615,5.2700197645206055,5.25834296872762,5.2700197645206055,5.49116353289779,5.162838401256681,5.2541147931607215,5.245137091842732
4.97469413473523,4.97877629291935,4.736548900604248,4.857662596761799,4.843075390817779,4.857662596761799,4.670238092354841,4.716388199896729,4.973735752983993,4.826577984405401
5.8326826652518236,6.10806212157809,5.28355598449707,5.69580905303758,5.646156366325489,5.69580905303758,6.324915933449223,5.292678374589808,5.832351455098449,5.590001640375951
5,5.69159740550686,5.044897556304932,5.368247480905896,5.3293024887887235,5.368247480905896,5.6279844396549485,5.04324117676152,5.085090034623695,5.285257634335478
5.913640169325252,6.373446608601658,5.166675567626953,5.770061088114305,5.69738797904216,5.770061088114305,6.393326386827802,5.1828152644427545,5.913402607245513,5.615198297192512
5.377785977033705,5.856384170457815,5.565303325653076,5.710843748055446,5.693314532267983,5.710843748055446,6.354845506802351,5.56767632915189,5.647435510347718,5.673489858643311
4.978810700930062,5.51133051445309,5.306804180145264,5.409067347299176,5.396750541462277,5.409067347299176,5.803286226437557,5.300280247675761,5.384817853536249,5.382820844961557
4.244887733604929,4.902588356803514,4.596140384674072,4.7493643707387925,4.730909729263876,4.7493643707387925,4.571898065623134,4.574061320210231,4.702917931515245,4.710038445086849
5.5951662833800615,5.860830550537058,5.259321689605713,5.560076120071385,5.523852580084034,5.560076120071385,6.0683767332795515,5.261980387518093,5.595049996228107,5.4828855530084075
5.337242168318426,6.5819171056822015,5.472228050231934,6.0270725779570675,5.960245855219533,6.0270725779570675,6.970539587209563,5.493660390420072,5.581445915246087,5.884668146339621
5.619894643379946,5.802123598853056,5.415921211242676,5.609022405047866,5.585764862990789,5.609022405047866,6.192370680028226,5.4169552771484595,5.6198386301318095,5.559461736474233
5.236572006437063,5.006425893985837,4.876790523529053,4.941608208757445,4.933801420976719,4.941608208757445,4.764302465750387,4.857276647831231,4.955803635195766,4.924972331205309
4.375717904164332,5.3178738366556075,5.07586145401001,5.196867645332809,5.18229338751286,5.196867645332809,5.2816565194258915,5.064396958808527,5.179057631408047,5.165810624786592
5.853871964321762,6.037536698247016,5.434738636016846,5.736137667131931,5.699836489992688,5.736137667131931,6.431807266853252,5.441929763499462,5.853482630080989,5.658781659148996
5.154901959985743,5.204644083462988,5.098782539367676,5.151713311415332,5.145338210191183,5.151713311415332,5.221797372719635,5.084338920501321,5.154842835140142,5.13812828690509
5.236572006437063,5.171115561653157,4.965147018432617,5.068131290042887,5.055727632763535,5.068131290042887,4.98663643923077,4.949898902582059,5.1307240388508255,5.041699711589143
5.356547323513812,7.166422155875174,5.276249408721924,6.221335782298549,6.107507454011756,6.221335782298549,7.10308484063056,5.313103273035331,5.357461392760487,5.978773260486591
4.712870379280889,5.004667588328662,4.655354022979736,4.830010805654199,4.808974749954288,4.830010805654199,4.636032865665552,4.635916535361385,4.713537250349514,4.785184014324267
4.3872161432802645,5.46572547609465,5.064906597137451,5.265316036616051,5.24117827301418,5.265316036616051,5.405650466174566,5.057321649456044,5.219628460338772,5.21387965958854
5.6020599913279625,5.466374033517359,4.8556928634643555,5.161033448490857,5.124257541734161,5.161033448490857,5.13200865266025,4.848240600923018,5.371954883809921,5.082665815239226
5.4698003017969175,5.620841693498318,5.377697944641113,5.499269819069715,5.48462742910431,5.499269819069715,5.944382786530877,5.374003835774172,5.470040728219457,5.468067612300814
5.000434511774017,5.5334864019931285,5.222694396972656,5.378090399482892,5.359374155462518,5.378090399482892,5.7177731597143335,5.21679742747525,5.314317675011941,5.338207011781795
4.279840696594043,4.767817653201328,4.596696853637695,4.682257253419511,4.671952166448618,4.682257253419511,4.550519798942328,4.5710866926525,4.664110794413389,4.660297624206177
5.678889950500676,5.819102917096459,5.272836685180664,5.545969801138561,5.513073034389517,5.545969801138561,6.038447159926423,5.2743947084369465,5.678405076030485,5.47586842284191
5.113509274827518,5.1623883361728105,4.951648712158203,5.057018524165507,5.044327547035771,5.057018524165507,4.956706865877641,4.936179420667635,5.112978196041197,5.029974681361363
5.522878745280337,5.220354048105306,5.0706095695495605,5.145481808827434,5.136464027944786,5.145481808827434,5.179040839358023,5.0565931074993165,5.160296548785512,5.126265365039106
5,5.041466798125147,4.986990928649902,5.014228863387524,5.010948265270937,5.014228863387524,4.913950332516029,4.968334131543884,5.000503891786695,5.007238071515345
5.376750709602099,4.963143419943186,4.853273391723633,4.90820840583341,4.901591909187856,4.90820840583341,4.717270279052614,4.8326385854353084,4.914635634543195,4.894108979653117
4.206209615309181,4.716898928613721,4.574930191040039,4.645914559826879,4.6373650428098045,4.645914559826879,4.520590225589199,4.547998073239579,4.634481103781633,4.627695963110682
5.259637310505756,4.91115288171527,4.867219924926758,4.889186403321014,4.886540711261669,4.889186403321014,4.712994625716453,4.845215332746367,4.8904854341315795,4.883548564766137
5.481242728391236,6.01855145173902,5.525104999542236,5.771828225640628,5.742112325420818,5.771828225640628,6.483115106887187,5.5317487702063115,5.563064926811899,5.70850511615009
4.580044251510242,4.973470937279841,4.661998748779297,4.8177348430295694,4.798977637595176,4.8177348430295694,4.636032865665552,4.641740281548501,4.716123250809078,4.77776416858684
5.259637310505756,6.213683237705742,5.224023818969727,5.718853528337734,5.6592551252935355,5.718853528337734,6.363396813474673,5.235946243636284,5.260563467630179,5.5918522874696155
5.462180904926726,5.5026825638671175,5.100756645202637,5.301719604534878,5.277515173756994,5.301719604534878,5.533920066259402,5.094120092521752,5.461386396364747,5.250141163061908
5.74521031260279,5.689985800691735,5.205890655517578,5.447938228104657,5.418785474109066,5.447938228104657,5.863145373143814,5.2041030261635965,5.644359651496908,5.385815155286461
5.7473636754076995,5.6545365775898,5.397639274597168,5.526087926093484,5.510617281632506,5.526087926093484,6.021344546581778,5.394816893347305,5.600315799004165,5.493120750075084
5.7447274948966935,5.22612425861489,4.906895637512207,5.0665099480635485,5.047285641535934,5.0665099480635485,4.943879905869157,4.89312087906204,5.104018885003658,5.025543904358897
5.769551078621726,5.48005982559081,5.19525146484375,5.33765564521728,5.320504165473025,5.33765564521728,5.6279844396549485,5.1879699755452124,5.384500562079479,5.301106692577907
4.924453038607469,6.526874906872485,5.0946044921875,5.810739699529993,5.72448676460446,5.810739699529993,6.45746118687022,5.114803633453696,5.232742015374279,5.626938973259929
5.903089986991944,6.024896155123189,5.457387447357178,5.741141801240183,5.706965788708792,5.741141801240183,6.448909880197897,5.4642348870554684,5.902521257546569,5.6683144136306165
5.3872161432802645,5.420908794957259,5.225556373596191,5.323232584276726,5.311468241793321,5.323232584276726,5.615157479646465,5.216708458242319,5.386567723984851,5.298163353943794
5.795880017344075,5.147923503714994,5.108380317687988,5.128151910701491,5.125770575573595,5.128151910701491,5.1961434527026675,5.0924453978236395,5.128736476964534,5.1230774036557
5.166852888087215,5.234822054658616,5.052548408508301,5.143685231583458,5.13270850765001,5.143685231583458,5.157662572677217,5.038920974080392,5.166601439689815,5.120294377315418
4.364516253185088,5.432550420751671,5.097794055938721,5.265172238345196,5.2450128336307795,5.265172238345196,5.439855692863856,5.089321785370808,5.234101124298612,5.222213546784371
5.420108428052357,5.968564146686649,5.419431686401367,5.693997916544008,5.6609285422995494,5.693997916544008,6.354845506802351,5.42482430189937,5.4211023433385295,5.623528720235781
4.154901959985743,5.903890816354406,4.9353227615356445,5.419606788945025,5.3612785315526486,5.419606788945025,5.645087052999593,4.939288742775127,5.234310016871641,5.29531216546303
4.503070351926785,5.265514165557423,4.985843658447266,5.1256789120023445,5.108836839581496,5.1256789120023445,5.097803425970961,4.9730571982684255,5.094322866898596,5.089789291022866
5.388701637703571,5.671868939074924,5.32735013961792,5.499609539346422,5.478862229840121,5.499609539346422,5.961485399875521,5.325020709511858,5.3893417640217764,5.4553980518335585
5.3979400086720375,5.4971972931827935,5.2700395584106445,5.383618425796719,5.369938731575399,5.383618425796719,5.730600119722817,5.263165687510027,5.397815015440719,5.354467675909753
4.149353764816934,5.219105917248092,4.996220588684082,5.107663252966087,5.094240847850838,5.107663252966087,5.055046892609348,4.982212564142884,5.094716995709492,5.079060773402884
5.568636235841013,5.991689353392438,5.180630683898926,5.586160018645682,5.53731715355306,5.586160018645682,6.102581959968841,5.186761200365023,5.568679341667105,5.482078295688829
5.570247719997592,5.480255060511528,5.1690168380737305,5.324635949292629,5.305892833557623,5.324635949292629,5.59805486630182,5.16175497122332,5.422836078618705,5.284695299300461
5.221848749616356,5.045106073197016,4.7117533683776855,4.87842972078735,4.858354846056132,4.87842972078735,4.678789399027163,4.693344119467636,4.959090207366864,4.835651158428119
5.351639989019068,5.420799111948796,5.275683879852295,5.348241495900545,5.339502493445149,5.348241495900545,5.653638359671915,5.266805370764858,5.351593787234656,5.329619115113568
4.920818753952375,4.872395956964545,4.756642818450928,4.814519387707737,4.807548603544861,4.814519387707737,4.636032865665552,4.733684001867125,4.845737626791283,4.799664992400324
4.657577319177793,5.872600204882203,4.984670639038086,5.428635421960145,5.375163305049838,5.428635421960145,5.679292279688882,4.987789564462206,5.173337630557266,5.314688992985902
5.568636235841013,6.161970662019505,5.419413089752197,5.790691875885852,5.745974223896006,5.790691875885852,6.525871640248798,5.4298726740007695,5.569232712589933,5.6954007774447195
5.698970004336019,5.79411896939333,5.22398042678833,5.509049698090831,5.47471531394825,5.509049698090831,5.970036706547844,5.22491092557742,5.698306108121718,5.435884828432887
5.292429823902063,5.6317619418964195,5.286160469055176,5.458961205475798,5.438148696160858,5.458961205475798,5.8973505998331035,5.282803073860222,5.293387998102031,5.414610780404568
5.705533773838407,5.695111923315843,5.356937408447266,5.526024665881554,5.505659416327162,5.526024665881554,6.021344546581778,5.355200547829676,5.6844127990359405,5.482627329176431
5.792429823902063,5.753816642791242,5.442245960235596,5.598031301513419,5.5792681646562725,5.598031301513419,6.196646333364387,5.441999899458566,5.72223424972598,5.558047987502996
4.818442226137214,5.535769554858875,5.399233818054199,5.4675016864565364,5.459279350855049,5.4675016864565364,5.927280173186231,5.393299038491587,5.460332339434174,5.449980297109095
4.831502516476967,5.0730261928848694,4.9070305824279785,4.990028387656424,4.9800319453366875,4.990028387656424,4.832712919128967,4.889244811361359,4.946846453454732,4.968726464886253
4.85078088734462,5.875948750104734,5.338527202606201,5.607237976355467,5.574873846447663,5.607237976355467,6.1581654533389365,5.341538174339416,5.511911810719838,5.538271620749262
5,5.6509713999767515,4.87913703918457,5.2650542195806604,5.218573486464813,5.2650542195806604,5.337240012795987,4.8765079842341725,5.000685041225902,5.166006082707014
4.452225294612178,5.229561129469628,5.034549236297607,5.132055182883618,5.120311347390674,5.132055182883618,5.114906039315605,5.020793927011127,5.118090740688267,5.107029651930231
5.358746721248423,5.286638342136966,5.106083393096924,5.196360867616945,5.18548764555611,5.196360867616945,5.31158609277902,5.093783862587986,5.246242924261185,5.173190570705859
5.142667503568732,5.17961714656543,5.053330421447754,5.116473784006592,5.108868655413659,5.116473784006592,5.127732999324088,5.038256269393401,5.14225914144805,5.100267632181552
4.954303745343182,5.1064456825816595,4.919409275054932,5.012927478818296,5.001663936039151,5.012927478818296,4.884020759162901,4.902492198780573,4.954923982833327,4.988925427815994
4.220924369789729,5.07969142550896,4.935819625854492,5.007755525681726,4.999091404126199,5.007755525681726,4.879745105826739,4.918192553646541,5.001187146600431,4.9892927123783535
5.804100347590766,5.075449223181623,4.975103378295898,5.025276300738761,5.019233361123283,5.025276300738761,4.9310529458606736,4.957343443121975,5.028504365013799,5.012399096141724
5.0400051616715835,5.199184934549679,5.279727458953857,5.239456196751768,5.244306558139495,5.239456196751768,5.448406999536179,5.2650407572004765,5.23136556973804,5.249792076296112
5.6777807052660805,5.903238528706694,5.514204025268555,5.7087212769876245,5.685293181730755,5.7087212769876245,6.380499426819318,5.517832799757786,5.677938955095442,5.6587971680044955
4.474955192963154,4.940167318279474,4.773301601409912,4.856734459844693,4.8466856187383724,4.856734459844693,4.670238092354841,4.752109079885703,4.838548935003422,4.835320877859236
4.673664139071248,6.762079275964079,5.3789849281311035,6.070532102047592,5.9872406051651765,6.070532102047592,6.974815240545724,5.405188807834113,5.728412884483139,5.893042053363152
5.419075024324381,5.688783839379258,5.443052291870117,5.565918065624688,5.5511198355145455,5.565918065624688,6.13678718665813,5.441102024011036,5.463809787632452,5.534383771236863
4.97469413473523,5.328317806136902,5.175570487976074,5.251944147056488,5.242745531796203,5.251944147056488,5.444131346200017,5.164324470508138,5.230981216084191,5.232342354178612
5.935542010773082,5.886836509928763,5.705857276916504,5.796346893422633,5.785448120503895,5.796346893422633,6.410429000172447,5.708950360220646,5.854753854022822,5.773122148900651
5.209005903048918,5.945670400720845,5.50601863861084,5.725844519665842,5.699368196173878,5.725844519665842,6.418980306844769,5.510763590501553,5.632526994801999,5.669424787502691
5.747389659432627,5.457785038066464,5.370088577270508,5.413936807668486,5.4086556281868186,5.413936807668486,5.769080999748268,5.362126838341583,5.419685502286853,5.402682876134086
4.36835333704158,5.480673273429167,5.05315637588501,5.266914824657088,5.241169276354638,5.266914824657088,5.422753079519211,5.04596953570833,5.21612043755792,5.2120523381771005
5.2839966563652006,5.400544829859603,5.078372001647949,5.239458415753776,5.22005680576337,5.239458415753776,5.388547852829921,5.069071973236013,5.283721875527725,5.198114547163984
5.675717544702307,5.664871885539193,5.3839850425720215,5.524428464055607,5.507513142521709,5.524428464055607,6.012793239909456,5.381440981480729,5.653947629541774,5.488382752849301
5.149353764816934,5.259209952698394,5.124022960662842,5.191616456680618,5.183475344005756,5.191616456680618,5.320137399451342,5.110994927323411,5.149969897458034,5.174268149361245
5.1249387366083,5.054706236146197,4.865581035614014,4.960143635880105,4.948754303637374,4.960143635880105,4.777129425758871,4.847338230708042,5.014078193233187,4.93587353376993
5.26721043400512,5.621240680010904,5.337013244628906,5.479126962319905,5.462010466554371,5.479126962319905,5.910177559841587,5.333352086996085,5.384271438815888,5.442652558804016
5.443697499232712,5.159664078184031,5.06874942779541,5.114206752989721,5.108731770512007,5.114206752989721,5.123457345987927,5.0531440088820805,5.120459177414039,5.1025398368831745
4.987162775294828,5.074108432397215,4.954566478729248,5.014337455563231,5.00713850469133,5.014337455563231,4.901123372507546,4.936782773642588,4.987609940729451,4.998996848315718
4.885389015767827,6.096349596960852,5.403639316558838,5.749994456759845,5.708278664738194,5.749994456759845,6.448909880197897,5.412388450855668,5.611407200415686,5.661100173021789
5.886056647693163,5.162265903063752,5.015500068664551,5.088882985864151,5.080044582282024,5.088882985864151,5.029392972592381,4.999992260201769,5.095629703770608,5.0700487862063035
5.130768280269024,5.3184375815440905,5.231687545776367,5.275062563660229,5.269838378957994,5.275062563660229,5.503990492906274,5.220151648963147,5.26211372539548,5.263930085173916
5.607303046740334,5.569569730397999,5.157449722290039,5.363509726344019,5.338691396036845,5.363509726344019,5.679292279688882,5.152534161381537,5.536965134367341,5.31062309542291
4.87942606879415,5.733566539165052,5.480105876922607,5.60683620804383,5.591572521953247,5.60683620804383,6.218024600045193,5.479308357725795,5.584787397956372,5.574310050047821
5.2343314452409855,5.247967520086534,5.087445259094238,5.167706389590386,5.1580395585300565,5.167706389590386,5.247451292736602,5.074142918252887,5.233511556873154,5.147106852065633
5.7447274948966935,5.549998178433691,5.105100631713867,5.327549405073779,5.300757174533855,5.327549405073779,5.585227906293336,5.099701274443305,5.445880465388977,5.270456490660086
4.5598791120522595,5.563297883716866,5.177236557006836,5.370267220361852,5.347018173150812,5.370267220361852,5.700670546369689,5.172145741193356,5.32434488478202,5.320724653883792
4.900000142057633,5.581421082271282,5.03986120223999,5.310641142255636,5.278027797309255,5.310641142255636,5.495439186233951,5.035321154575948,5.132520459720106,5.241143721763031
5.366531544420414,5.458596250384817,5.294148921966553,5.376372586175685,5.36646938314132,5.376372586175685,5.713497506378172,5.286250429739714,5.366649792539489,5.355269351698069
5.00788851221305,5.155355788204782,4.882263660430908,5.018809724317845,5.002363809297854,5.018809724317845,4.858366839145933,4.86664849631905,5.007967912610242,4.983764295110599
5.399027104313252,5.837131022457671,5.151930809020996,5.494530915739333,5.453267388395223,5.494530915739333,5.910177559841587,5.154028001607766,5.399305054784042,5.406600385597256
4.628932137728263,5.575190175635633,5.277066707611084,5.426128441623359,5.40817511114634,5.426128441623359,5.828940146454524,5.272232246413854,5.39829142905099,5.387870784843431
4.849243560139691,5.363276983242676,5.067932605743408,5.215604794493042,5.197818823972476,5.215604794493042,5.324413052787504,5.057661988983496,5.156243399520343,5.177703773479433
5.245651664288981,5.463044440486607,5.449670791625977,5.456357616056292,5.455552239883562,5.456357616056292,5.8930749464969425,5.441802832615602,5.456146409802577,5.454641399378028
4.454692883534176,5.85719180786747,5.476498126983643,5.666844967425556,5.643919165881959,5.666844967425556,6.307813320104578,5.478941398094155,5.6369790337579495,5.617991221432163
4.7887050800742585,5.384554506836464,4.935046672821045,5.1598005898287544,5.132730722603733,5.1598005898287544,5.13200865266025,4.925406980137623,5.024044253388046,5.102116045409613
5.886056647693163,6.099988296609316,5.21730375289917,5.658646024754243,5.605489768974744,5.658646024754243,6.235127213389838,5.226251258056179,5.885542542129647,5.545372680183366
5.864867348623225,6.129900991139732,5.0197014808654785,5.574801236002605,5.507943773101577,5.574801236002605,5.961485399875521,5.029541926269718,5.8643457405665025,5.432331298621432
4.113001954328901,5.410347444663718,4.935171604156494,5.172759524410106,5.1441439009711,5.172759524410106,5.153386919341056,4.926207578385054,5.119544707525872,5.111781050166871
5.4358003656410965,5.587545730851086,5.436344623565674,5.51194517720838,5.502839676505689,5.51194517720838,6.025620199917939,5.431745779532314,5.4378579690738595,5.492541806834351
4.309803919971486,4.958932010950882,4.717645168304443,4.838288589627663,4.823758024642315,4.838288589627663,4.653135479010197,4.69697503104221,4.810799908759861,4.807324676344862
4.115204636051019,5.332907929514595,5.0524163246154785,5.192662127065036,5.175770607212032,5.192662127065036,5.247451292736602,5.041358664943772,5.174424148036094,5.156667136060176
5.089375595110798,5.176507453546809,4.967764377593994,5.072135915570401,5.059565172810017,5.072135915570401,4.995187745903092,4.952656073780351,5.089211986608241,5.045348286243845
4.5934598195660445,5.093135305730988,5.075333595275879,5.084234450503434,5.0831624114822365,5.084234450503434,5.1063547326432825,5.0579815820441185,5.084073349830894,5.081949988521288
4.9434762759209,4.807840340897147,4.827789783477783,4.817815062187465,4.819016440052333,4.817815062187465,4.653135479010197,4.80310036345914,4.818600583357576,4.820375138830401
5.79317412396815,5.529812967001727,4.98737096786499,5.258591967433359,5.225925500282526,5.258591967433359,5.3714452394852765,4.981507892338822,5.39593939342455,5.188981346157874
5.131355561605174,5.357712525427913,5.123887062072754,5.240799793750334,5.226718561416046,5.240799793750334,5.422753079519211,5.113439722453689,5.132283741544592,5.210793386060508
5.0101054362812265,5.167226727693732,5.129209995269775,5.148218361481754,5.145928951106294,5.148218361481754,5.251726946072763,5.113769272022377,5.145621061586523,5.143339741524031
5.688246138944246,6.448463204478548,5.174740791320801,5.8116019978996745,5.734897001909479,5.8116019978996745,6.478839453551026,5.192841349579986,5.6884395287564535,5.64814745593293
4.1744440677096435,4.910859052076295,4.980081558227539,4.945470305151916,4.949638962311367,4.945470305151916,4.84553987913745,4.9580068563614175,4.943918623639856,4.954353506797627
5.913640169325252,5.923933909946338,5.586282730102539,5.755108320024439,5.734774586293716,5.755108320024439,6.436082920189413,5.590413833226696,5.912706671320777,5.711778141976403
5.068542129310995,5.104456947705795,5.035452365875244,5.06995465679052,5.065799123278712,5.06995465679052,5.033668625928542,5.018419016632373,5.068581916249897,5.0610994209870155
5.4089353929735005,5.5424397545562085,5.216549396514893,5.379494575535551,5.359869091718531,5.379494575535551,5.7177731597143335,5.210890389473909,5.408755815765962,5.337673642925154
5.835647144215563,5.830270980058321,4.9401068687438965,5.385188924401109,5.3315822406498885,5.385188924401109,5.576676599621014,4.942141475929097,5.823984869570668,5.270955740163255
5.126098402135539,4.944473150222537,4.717536926269531,4.831005038246034,4.8173386836553265,4.831005038246034,4.644584172337874,4.6964880485605685,4.874487986551208,4.8018827144502705
5.275724130399211,6.025567571054179,5.398589611053467,5.712078591053823,5.674321273281132,5.712078591053823,6.38477508015548,5.405487155678626,5.487374490781083,5.631619619604077
5.943095148663527,5.622780352949752,5.324723243713379,5.473751798331565,5.45580246405539,5.473751798331565,5.9016262531692645,5.3211092194804905,5.520971579531641,5.435502657257427
4.142667503568732,5.480103040154064,4.906773090362549,5.193438065258306,5.158911490986295,5.193438065258306,5.200419106038829,4.899652259997561,5.115306188568417,5.119863647966976
5.346787486224656,6.135308453625208,5.541092395782471,5.838200424703839,5.802416065519063,5.838200424703839,6.615660360308183,5.550786182545127,5.658933849942071,5.761945730148237
5.4089353929735005,5.472127020394151,5.043308734893799,5.257717877643975,5.231893958295425,5.257717877643975,5.379996546157599,5.035903441486147,5.408233391594177,5.202688386351868
5.243062583910497,6.492510295790579,5.4238600730896,5.958185184440089,5.893829866357884,5.958185184440089,6.812340413771599,5.442976837146853,5.559505790145627,5.8210471935640395
5.6777807052660805,5.2581824361682905,5.0087738037109375,5.133478119939614,5.118458451639098,5.133478119939614,5.102079079307122,4.9957825830701275,5.161996536878259,5.101471951751209
5.055517327849832,5.319354257928279,5.13221549987793,5.225784878903104,5.214515172460336,5.225784878903104,5.38427219949376,5.1207586260340845,5.174664695089456,5.201769693439333
5.189095719331299,5.002688604601331,4.865292549133301,4.933990576867316,4.925716431908512,4.933990576867316,4.738648545733421,4.8456871204101475,4.9524182389171205,4.916358784349127
4.276544327964814,4.6418958264465235,4.496063709259033,4.568979767852778,4.560197593771083,4.568979767852778,4.503487612244554,4.467210236192827,4.550860785350609,4.5502653904714245
5.384049948343599,6.2803195806564505,5.391463279724121,5.835891430190285,5.782363504250876,5.835891430190285,6.581455133618894,5.405038882891204,5.399720300016202,5.7218260749430945
5.6020599913279625,5.500553512825248,4.88190221786499,5.19122786534512,5.1539719887042965,5.19122786534512,5.20469475937499,4.87533091242399,5.423561260804869,5.111837440076425
4.450996737974212,5.335654320954589,5.123499393463135,5.229576857208862,5.216800648912277,5.229576857208862,5.388547852829921,5.112474376594929,5.215142897135876,5.202351391015538
5.958607314841775,6.560476883355675,5.438976764678955,5.999726824017316,5.93218882577103,5.999726824017316,6.906404787167145,5.459865791195671,5.958680513782285,5.855806699569251
4.761439372640169,5.045999907324504,4.814635276794434,4.930317592059469,4.916384553845054,4.930317592059469,4.742924199069582,4.796192551921632,4.851541171451669,4.900626978688819
5.484788695672198,5.74754284702575,5.539836406707764,5.643689626866757,5.631181311469973,5.643689626866757,6.260781133406804,5.539372015041093,5.5762385416428115,5.617035027155701
4.301029995663981,5.358735438011381,4.960473537445068,5.159604487728225,5.135620708240312,5.159604487728225,5.157662572677217,4.950143363270067,5.113473366194539,5.108496243210108
5.91604609499926,5.773727696240387,4.972690105438232,5.37320890083931,5.32496951637394,5.37320890083931,5.589503559629497,4.973225345692972,5.668178254153437,5.270413165167118
4.729528844468313,5.156171357749926,5.0102081298828125,5.083189743816369,5.074399674102116,5.083189743816369,5.016566012583898,4.994543579951386,5.068171691411559,5.064458541233651
5.045757490560675,5.346102293901374,5.186081886291504,5.266092090096439,5.256455481211121,5.266092090096439,5.482612226225468,5.175295982791844,5.237169216192701,5.245556954527647
5.522878745280337,5.535502112643161,5.31519079208374,5.425346452363451,5.412079056904647,5.425346452363451,5.820388839782202,5.309295481218689,5.5220013064466205,5.397074290689815
5.889410289700751,5.714451923215906,5.589076042175293,5.651763982695599,5.644213706157208,5.651763982695599,6.260781133406804,5.587717489087449,5.668230937227575,5.635674717878185
4.798602875679548,5.355619945423381,5.018453598022461,5.187036771722921,5.166732235147091,5.187036771722921,5.221797372719635,5.0080097400301256,5.114058310567721,5.143768811363812
5.167491087293763,5.268830639098248,5.042158126831055,5.155494382964651,5.1418439093882,5.155494382964651,5.179040839358023,5.02942741169113,5.167386162532933,5.126405900822587
5.8297382846050425,5.765786264616077,5.528371810913086,5.647079037764581,5.632781672395815,5.647079037764581,6.269332440079127,5.52839170907307,5.72380485445604,5.616612061298257
5.026872146400302,5.6604385271075754,5.155252456665039,5.407845491886308,5.3774226186548235,5.407845491886308,5.747702733067461,5.152718736003093,5.240809644499857,5.343015857973021
5.013228265733755,5.245296523209775,5.0413055419921875,5.143301032600981,5.131016466329167,5.143301032600981,5.144835612668734,5.027958740049963,5.0639322945086,5.11712323117751
4.398157210217902,5.688641828019695,5.066695690155029,5.377668759087362,5.340214463301866,5.377668759087362,5.645087052999593,5.064949824712555,5.279042435192764,5.297855512462751
5.149966742310231,5.399610218865473,5.293528079986572,5.346569149426022,5.340180763735953,5.346569149426022,5.657914013008076,5.28408458618295,5.332331696105771,5.332955816377799
5.6439741428068775,6.356489146731638,5.242444038391113,5.799466592561376,5.7323775434205135,5.799466592561376,6.470288146878703,5.258097575827374,5.6442527918481975,5.656503156389558
4.301029995663981,5.510047142956919,5.209277153015137,5.359662147986028,5.341549440983204,5.359662147986028,5.687843586361205,5.202773530001302,5.3383192256682825,5.3210648677345205
5.337242168318426,5.563863958586109,5.370389938354492,5.4671269484703,5.455475725415128,5.4671269484703,5.9059019065054255,5.365207140208336,5.395628573217753,5.442298770028325
4.562249437179612,5.046785829147023,4.750570297241211,4.898678063194117,4.880839630775597,4.898678063194117,4.717270279052614,4.732183589874631,4.833669025298743,4.860665248478024
5.042871802323186,4.88029243049548,4.709320545196533,4.794806487846007,4.784510368659582,4.794806487846007,4.606103292312423,4.686594773215536,4.824147572155595,4.7728659685365855
4.269137007953506,4.542789593121148,4.579753875732422,4.561271734426785,4.563497765091071,4.561271734426785,4.503487612244554,4.548257688951085,4.560106435619129,4.566015295363563
4.958607314841775,6.732600081055564,5.38164758682251,6.057123833939037,5.975767955623141,6.057123833939037,6.936334360520274,5.407077683727659,5.64215220550617,5.883758492415172
5.619788758288394,5.626485202623621,5.379855155944824,5.503170179284222,5.488317840543743,5.503170179284222,5.974312359884005,5.3763077055650275,5.618850669102778,5.471520582088882
4.659952682338607,5.5795375502757745,5.363089084625244,5.471313317450509,5.458278547458006,5.471313317450509,5.910177559841587,5.3583209482262175,5.456895478790708,5.443536869107576
4.806875401645539,5.4743755526384925,5.257658958435059,5.366017255536775,5.352966338541312,5.366017255536775,5.687843586361205,5.250194038811653,5.3450555643701225,5.33820639873141
5.5376020021010435,6.045906279235626,5.4677300453186035,5.756818162277115,5.721999739325536,5.756818162277115,6.474563800214865,5.475122199129152,5.5383576902777065,5.68262182992502
4.437707135543525,4.616216434050523,4.6498188972473145,4.633017665648919,4.63504124376778,4.633017665648919,4.52486587892536,4.620207637222719,4.631579732680823,4.637329810252835
5.87942606879415,5.901227928266858,5.487851142883301,5.694539535575079,5.669645520727153,5.694539535575079,6.363396813474673,5.491441815661835,5.878535857594464,5.641491624651502
5.229147988357856,5.26051369297124,5.202511310577393,5.231512501774317,5.228019533084292,5.231512501774317,5.414201772846889,5.18947402968556,5.229226802342305,5.224069158743504
4.942714355581785,5.936517199139989,5.389496326446533,5.663006762793261,5.630064550728011,5.663006762793261,6.277883746751449,5.394065914412402,5.5592929872943815,5.592808542781816
5.85078088734462,5.919077190394493,5.077060222625732,5.498068706510113,5.447361497883502,5.498068706510113,5.88452363982462,5.081345683969252,5.849945093292359,5.39001415995184
4.34008379993015,5.306665824776274,5.025058269500732,5.1658620471385035,5.148903323498972,5.1658620471385035,5.174765186021862,5.013328235173602,5.141882577596327,5.129723848197791
4.823908740944319,5.465421312035905,4.744527816772461,5.104974564404182,5.0615615474922375,5.104974564404182,5.067873852617832,4.737112067959002,4.824686354314204,5.012463578605507
5.739928612014925,6.090769270801752,5.726737976074219,5.908753623437985,5.886831249525167,5.908753623437985,6.594282093627378,5.735162242674248,5.740851074186083,5.862038131956812
4.903089986991944,5.771947166706684,5.250998020172119,5.511472593439402,5.480100450040461,5.511472593439402,5.9871393198924885,5.251332710668202,5.400135311080287,5.444620111882081
4.931814138253839,4.9114672435998195,4.80687952041626,4.85917338200804,4.852874991711578,4.85917338200804,4.674513745691002,4.784916531917012,4.896308361326456,4.845751824679915
5.6020599913279625,6.071914481150676,5.396315574645996,5.734115027898336,5.693429702054106,5.734115027898336,6.410429000172447,5.404428595814273,5.602449764792184,5.647416616474309
4.616184634019569,5.691512009249497,5.121511936187744,5.40651197271862,5.3721859273676404,5.40651197271862,5.760529693075945,5.119810952107779,5.3038679506428315,5.333364872611981
4.542118103266008,5.045160063298808,4.9168548583984375,4.981007460848623,4.973280777133444,4.981007460848623,4.819885959120483,4.898333604077515,4.971651570940878,4.964542281087087
5.920818753952375,7.036058728657987,5.028431415557861,6.032245072107925,5.911343497785011,6.032245072107925,6.6883464670229245,5.062006996890818,5.920929646472027,5.774609813818673
5.175223537524454,6.062132913463742,4.999649524688721,5.530891219076231,5.466907274667502,5.530891219076231,5.88452363982462,5.007725637463787,5.175891782205963,5.394544607078609
4.651385328620141,5.263731548221664,5.108300685882568,5.186016117052116,5.176655895743836,5.186016117052116,5.303034786106697,5.095399805835594,5.174740274863227,5.166069949701454
5.247951552180561,4.749808027833317,4.886374473571777,4.8180912507025475,4.826315435630559,4.8180912507025475,4.700167665707969,4.860132297661582,4.828912852296879,4.835616580873086
5.2225731776106885,5.623209913744928,5.039663791656494,5.331436852700711,5.296295049045142,5.331436852700711,5.521093106250919,5.036218657401471,5.222945013990381,5.2565514121077594
5.0655015487564325,6.192084304846235,5.098816871643066,5.645450588244651,5.57961279406455,5.645450588244651,6.179543720019742,5.110242675580778,5.131105267372972,5.505153514333265
4.213603538627695,4.482109345563749,4.593653202056885,4.537881273810317,4.544598570276683,4.537881273810317,4.503487612244554,4.560559598234215,4.528318651952433,4.552195499409196
5.345823458122039,5.982241518725689,5.581606388092041,5.781923953408866,5.757797255337659,5.781923953408866,6.483115106887187,5.587267648452642,5.690120975816427,5.730511156478362
5.070581074285707,5.329456578819842,5.138365745544434,5.233911162182138,5.222403457325305,5.233911162182138,5.401374812838405,5.127170136195208,5.178358787341166,5.209388813902468
5.7423214251308154,5.9746529280211504,5.5917487144470215,5.783200821234086,5.760141898926188,5.783200821234086,6.491666413559509,5.597205556552972,5.742533838477626,5.7340634014946215
4.1938200260161125,5.702057387446644,4.976841926574707,5.339449657010675,5.295776366469842,5.339449657010675,5.538195719595564,4.975497217100346,5.224779354920298,5.246384041018141
5.262807357295263,6.011244580553868,5.4874725341796875,5.749358557366778,5.717816415765213,5.749358557366778,6.45746118687022,5.493945686382563,5.608687610129464,5.682143818071401
4.043447408082601,4.825689517699929,4.661036491394043,4.7433630045469855,4.733447414154527,4.7433630045469855,4.5804493722954565,4.636906906388703,4.7336932885325185,4.72223337322367
5,5.477031918828177,4.9405951499938965,5.208813534411037,5.176508708981753,5.208813534411037,5.243175639400441,4.933375157498417,5.000775628807308,5.139973553707119
5.207608310501746,5.29099296875303,5.247641563415527,5.269317266084279,5.266706595707254,5.269317266084279,5.49116353289779,5.235377836741462,5.261824937726716,5.263754056997387
5.366531544420414,5.4127908718075455,4.951303005218506,5.182046938513025,5.1542556202551655,5.182046938513025,5.1918677993665066,4.942394072980086,5.3657354735016,5.1228250177261305
5.292429823902063,6.114530986765274,5.441790580749512,5.778160783757393,5.73764760002692,5.778160783757393,6.504493373567993,5.450994942571515,5.545701945500642,5.691829198639711
6.236572006437063,6.407549345289423,6.544440269470215,6.475994807379819,6.484238532764497,6.475994807379819,7.415207534170326,6.560711511002133,6.456509212576009,6.493561777294326
6.096910013008056,5.623025476386358,6.118178844451904,5.870602160419131,5.900420853031942,5.870602160419131,6.192370680028226,6.114132465986771,6.095999598366918,5.93414431540076
6.338187314462739,6.361834908877881,6.446629524230957,6.404232216554419,6.409338643640461,6.404232216554419,7.137290067319849,6.46175720534696,6.377421353354694,6.4151137594012795
6.585026652029182,6.519395412062569,6.4669575691223145,6.493176490592441,6.4900186247255025,6.493176490592441,7.342521427455587,6.486201856065141,6.500580159389777,6.486447235056869
6.607303046740334,6.850457532773458,6.726921081542969,6.788689307158213,6.781249803151382,6.788689307158213,7.936837241181992,6.75469493758451,6.767770441411889,6.77283609311135
6.214670164989233,5.357167754815595,6.241415977478027,5.799291866146811,5.8525422884311356,5.799291866146811,5.9871393198924885,6.2303363790345765,6.213732779078106,5.912765874868909
6.440093374963888,6.169190110704582,6.40041971206665,6.284804911385616,6.2987298179916955,6.284804911385616,6.897853480494822,6.410525944298144,6.370331263302314,6.3144781967022245
6.443697499232712,7.685864197761945,6.661005020141602,7.173434608951773,7.111716436846288,7.173434608951773,8.368678228134273,6.710701719695068,6.8140932261265394,7.041916245352404
6.136677139879544,6.26430181522197,6.28645658493042,6.275379200076195,6.276713385220536,6.275379200076195,6.885026520486339,6.299117621020115,6.2745008418398465,6.278222282444585
6.954677021213342,7.042309451465127,6.450286865234375,6.7462981583497506,6.710645892491954,6.7462981583497506,7.680298041012321,6.483239928689868,6.953975435557532,6.670324948122248
6.050609993355087,6.042597065098419,6.522791385650635,6.282694225374527,6.311612067325001,6.282694225374527,7.064603960605109,6.529513400580567,6.051572610383648,6.344316712275974
6.259637310505756,6.243456983122007,6.325589656829834,6.2845233199759205,6.2894694419427974,6.2845233199759205,6.910680440503306,6.337682949465313,6.260228900155136,6.295063260564807
6.569320925844654,6.22791077161066,6.434730529785156,6.331320650697908,6.343775569098957,6.331320650697908,7.017571773907336,6.446356180933741,6.3760637083628975,6.357861464059491
6.557520230935552,6.0329897698906825,6.403402328491211,6.218196049190947,6.240502709989772,6.218196049190947,6.786686493754631,6.409938668221859,6.318986318387829,6.265730436965969
6.958607314841775,6.835456585106081,6.602667331695557,6.719061958400818,6.70504312779459,6.719061958400818,7.847048521122607,6.63011689713843,6.775382767608304,6.689188525698425
6.161379077026673,6.02260999689964,6.218799591064453,6.120704793982046,6.132519551953072,6.120704793982046,6.615660360308183,6.22516608061156,6.16096861871562,6.145881457218543
6.552841968657781,7.095774623943527,6.548685550689697,6.822230087316612,6.789283768136926,6.822230087316612,7.932561587845831,6.58298490700744,6.553823186940136,6.7520231152480115
6.906578314837765,6.517498666064734,6.552785873413086,6.53514226973891,6.537267305045033,6.53514226973891,7.534925827582841,6.571933005949224,6.535978109219831,6.539670614576707
6.346787486224656,6.548260927431433,6.522258281707764,6.535259604569598,6.533693696004777,6.535259604569598,7.504996254229712,6.542228220581855,6.534367471217028,6.531922731085406
6.0999990348465305,6.672515706000367,6.355676174163818,6.514095940082093,6.495015507196557,6.514095940082093,7.269835320740846,6.378993519375862,6.453635787483849,6.473436483972728
6.29929628285498,6.5044311106750214,6.634328842163086,6.569379976419054,6.5772025638761,6.569379976419054,7.60761193429758,6.653088531729783,6.553818895979372,6.586049522297784
6.33161408331,6.270196119085412,6.386130332946777,6.328163226016095,6.335144914740026,6.328163226016095,6.957712627201079,6.398890671918237,6.3315555615768915,6.3430408584022615
6.508638306165727,6.580201190125571,6.45634126663208,6.5182712283788256,6.51081224450858,6.5182712283788256,7.381002307481037,6.477184443833704,6.508791379867756,6.502376503709207
6.481486060122113,6.33219733766796,6.3734130859375,6.35280521180273,6.355287270509626,6.35280521180273,6.983366547218047,6.387804795712547,6.356080055249995,6.358094355799586
6.638272163982407,6.3916414407391065,6.454111576080322,6.422876508409715,6.426638530206108,6.422876508409715,7.180046600681461,6.470016005764841,6.4273850529542225,6.430893190265444
6.552841968657781,6.105278284357914,6.2750749588012695,6.190176621579592,6.200401968246796,6.190176621579592,6.722551693712214,6.283576112634684,6.209996292936555,6.211966328160798
6.707743928643524,6.406761456852492,6.491410732269287,6.44908609456089,6.454183769112538,6.44908609456089,7.278386627413169,6.507690657324489,6.455985077460737,6.459948986191073
6.726404669783042,6.255359133613875,6.426341533660889,6.340850333637382,6.351147086033758,6.340850333637382,7.026123080579659,6.438690929483368,6.3597577538834855,6.362792202285803
6.531652669587842,6.732762365843279,6.628963947296143,6.6808631565697105,6.674612299086008,6.6808631565697105,7.774362414407867,6.65370853749645,6.662931466330622,6.667542889307998
6.259637310505756,6.3637006524307544,6.306796550750732,6.335248601590743,6.331821772600295,6.335248601590743,6.974815240545724,6.322050438308079,6.324682023407058,6.327946198979268
6.154901959985743,6.367725077778306,6.505309104919434,6.43651709134887,6.444802556173196,6.43651709134887,7.265559667404685,6.5205586501113055,6.419772265591426,6.454173005939035
6.2076083105017466,6.910639266476182,6.46764612197876,6.6891426942274705,6.662465148930833,6.6891426942274705,7.646092814323032,6.497140025976811,6.587469667034832,6.632294168378953
6.292429823902063,6.376279525866055,6.600313186645508,6.488296356255781,6.501787915228316,6.488296356255781,7.453688414195778,6.6157343087752825,6.424558908653384,6.5170461992589
6.840011949618013,6.048161684637836,6.401693344116211,6.224927514377024,6.246217588448552,6.224927514377024,6.799513453763115,6.408628110146558,6.275644845924543,6.270295606257827
6.5951662833800615,5.880381762319517,6.44329833984375,6.161840051081633,6.195739520366125,6.161840051081633,6.70972473370373,6.4458145181146005,6.344234671580788,6.234078138748318
6.259637310505756,6.145075781553637,6.151205062866211,6.148140422209924,6.148509534422795,6.148140422209924,6.696897773695246,6.160817350287694,6.14822390916227,6.148926982027968
6.958607314841775,7.197190247138215,6.686462879180908,6.9418265631595615,6.911069986760684,6.9418265631595615,8.10786337462844,6.723342981568266,6.958541858021128,6.876285824347891
6.771514251379088,6.290355116518953,6.494067192077637,6.392211154298295,6.404478924557706,6.392211154298295,7.188597907353784,6.507295977898688,6.419491112078661,6.418353164252402
6.346787486224656,6.361592954229643,6.413201808929443,6.387397381579543,6.390505324842465,6.387397381579543,7.064603960605109,6.4283416365214325,6.371394734488578,6.394020254522062
6.180456064458132,5.945739978313919,6.2071757316589355,6.076457854986428,6.092201810031002,6.076457854986428,6.551525560265766,6.211534770791977,6.1796665117254355,6.110007442302551
6.769551078621726,6.48390728731869,6.368725776672363,6.426316531995527,6.419380171905601,6.426316531995527,7.10308484063056,6.387094649949663,6.4359515181734075,6.411535492680171
6.562353587314496,4.6749761881393415,5.89223575592041,5.283605972029876,5.356910711980392,5.283605972029876,5.521093106250919,5.86347686374111,5.573061650176425,5.439814737025242
6.585026652029182,5.994823600434984,6.500768661499023,6.247796130967004,6.27826471146718,6.247796130967004,6.940610013856435,6.506251262271726,6.437001708875241,6.312723164802841
6.757210261507661,6.7596987887712094,6.44392204284668,6.601810415808945,6.582793985086108,6.601810415808945,7.4836179875489055,6.469474653668866,6.756232217344949,6.5612873451338505
6.483288122256525,6.806185068525368,6.578390598297119,6.6922878334112434,6.678569794264764,6.6922878334112434,7.78718937441635,6.605086719119635,6.630513557173861,6.663055372390629
6.562249437179612,6.8256566133073955,6.544009208679199,6.684832910993297,6.667871787580939,6.684832910993297,7.761535454399383,6.571234467251974,6.563113774182621,6.648689598255718
6.449771646944906,6.686580601438199,6.590769290924072,6.638674946181135,6.632905081324489,6.638674946181135,7.723054574373933,6.614325110088519,6.626590101869116,6.626379650350943
6.301029995663981,6.999443924707333,6.587812423706055,6.7936281742066935,6.768839262346798,6.7936281742066935,7.936837241181992,6.61956642433682,6.707809131520588,6.740804232537611
6.380906669373258,6.13521578471924,6.428779602050781,6.28199769338501,6.2996764365700795,6.28199769338501,6.927783053847952,6.437980075430505,6.380237379222107,6.319670218265038
6.142667503568732,6.3492978143431325,6.387315273284912,6.368306543814022,6.370595997941203,6.368306543814022,7.013296120571175,6.402147301885624,6.366712238632946,6.37318525700449
6.136677139879544,5.562596300021775,6.276941776275635,5.919769038148704,5.962787725992804,5.919769038148704,6.235127213389838,6.27122444976693,6.13607154353275,6.011439728262115
6.821948810943301,5.920664794177919,6.244076251983643,6.082370523080781,6.10184672473815,6.082370523080781,6.538698600257282,6.247757953418507,6.117679069373,6.1238733428132015
6.621602099051862,6.578727053927444,6.526415824890137,6.552571439408791,6.5494211983734605,6.552571439408791,7.556304094263647,6.547181631148502,6.5623402488750315,6.545858432011195
6.317854923626168,6.570346802490923,6.481899738311768,6.526123270401346,6.520796888739906,6.526123270401346,7.436585800851133,6.502470611768658,6.516777753888142,6.514773015263833
6.259637310505756,6.209179092577065,6.251677513122559,6.230428302849812,6.232987605523499,6.230428302849812,6.808064760435437,6.262913649782813,6.2453751340187775,6.23588204990868
6.882728704344236,6.486782673815321,6.5203328132629395,6.50355774353913,6.5055781706629805,6.50355774353913,7.423758840842649,6.538693179557488,6.504297944641399,6.507863173528962
6.259637310505756,6.177146105904942,6.2666192054748535,6.221882655689898,6.227270826356319,6.221882655689898,6.799513453763115,6.277007863621251,6.25881182946284,6.233364580132356
6.096910013008056,5.43983997756011,6.318442344665527,5.879141161112819,5.932051583626873,5.879141161112819,6.141062839994292,6.309486038431116,6.0964154223505025,5.991890647188106
6.59176003468815,6.166151715479434,6.499627590179443,6.332889652829438,6.352971944989373,6.332889652829438,7.090257880622076,6.509599359696994,6.439871985917514,6.375684021361366
6.55129368009492,6.3779925656804295,6.477207183837891,6.42759987475916,6.433574690629024,6.42759987475916,7.231354440715396,6.492741261889283,6.447335298723536,6.440331911033161
6.7447274948966935,5.749608084470251,6.4193925857543945,6.084500335112322,6.124835510936014,6.084500335112322,6.56435252027425,6.418495910998941,6.254113482244218,6.170452594209662
6.562249437179612,6.517359261377802,6.663232326507568,6.590295793942685,6.599080433955509,6.590295793942685,7.63754150765071,6.682314730638272,6.56262876734009,6.6090154261009655
6.040958607678906,6.311089337940881,6.510942459106445,6.411015898523663,6.42305127821022,6.411015898523663,7.239905747387718,6.524705118280096,6.384105451656626,6.436662695693349
6.8696662315049934,6.73989507054575,6.399709224700928,6.569802147623339,6.549315773455865,6.569802147623339,7.363899694136393,6.424767457446905,6.665963849794707,6.526146700375392
6.900008766455316,6.930148966287478,6.411149501800537,6.670649234044007,6.639394502690344,6.670649234044007,7.539201480919001,6.441185772740246,6.899128306692704,6.604046951731658
6.333482019445119,8.039287368804287,6.83381462097168,7.436550994887983,7.363956070488754,7.436550994887983,8.454191294857496,6.892674910935498,7.1075034946663145,7.281854811626294
6.150514997831991,5.713023684689295,6.1309990882873535,5.922011386488324,5.947182335296162,5.922011386488324,6.303537666768417,6.129303437377059,6.1123171478989295,5.975649429944832
6.585026652029182,5.960415860960558,6.416188716888428,6.188302288924493,6.215749442813946,6.188302288924493,6.74392996039302,6.420816659068828,6.318875693190633,6.246790812512511
6.841805124463402,6.553423631708456,6.554509162902832,6.5539663973056435,6.554031769214822,6.5539663973056435,7.586233667616774,6.574596522288081,6.55396741723291,6.554105701601724
6.6020599913279625,6.5191725539069605,6.378735542297363,6.448954048102162,6.440496773345032,6.448954048102162,7.1757709473453,6.39802277693468,6.480949170770688,6.430932015066787
6.1258081953209285,6.865804639265967,6.4608073234558105,6.663305981360889,6.638916587593181,6.663305981360889,7.60761193429758,6.489130409779322,6.58715765259076,6.611333392930578
6.853871964321762,6.441718055274321,6.4871320724487305,6.464425063861526,6.467159947042724,6.464425063861526,7.291213587421652,6.504330173636293,6.465745623042228,6.470252964273287
6.2839966563652006,6.42877399146243,6.400238513946533,6.414506252704482,6.412787814161025,6.414506252704482,7.098809187294399,6.417145551827125,6.412958317231091,6.410844345401146
6.920818753952375,7.03898977316527,6.420609474182129,6.729799623673699,6.692560066715347,6.729799623673699,7.620438894306064,6.453491978497961,6.920202940940286,6.650443974838909
6.049878720793501,5.804113723765023,6.415404796600342,6.109759260182683,6.14657189597075,6.109759260182683,6.594282093627378,6.415938292460048,6.05007399687705,6.188205161178444
6.154901959985743,5.805865666349622,6.231891632080078,6.01887864921485,6.044534411926962,6.01887864921485,6.4275316135170915,6.23257250784629,6.154266375597592,6.073549807055099
6.455931955649724,6.377590059809946,6.436084747314453,6.4068374035622,6.4103600194195725,6.4068374035622,7.133014413983688,6.4516310207761896,6.423913254745935,6.414343923236162
6.130768280269024,6.5857446351570434,6.516472816467285,6.551108725812164,6.546937098996194,6.551108725812164,7.526374520910518,6.537427971173248,6.548261512284871,6.542219195975701
6.008773924307505,5.844493874340926,6.116526126861572,5.9805100006012495,5.996892088741685,5.9805100006012495,6.397602040163963,6.11828279972941,6.008567642576459,6.015419417893913
6.050305225247582,5.714958249199635,6.372961521148682,6.043959885174159,6.083585582119586,6.043959885174159,6.461736840206381,6.371182749159475,6.050285997039653,6.128400279971332
6.5376020021010435,6.64032235148773,6.682820796966553,6.661571574227141,6.664130878402343,6.661571574227141,7.765811107735544,6.705113815957947,6.657958458975587,6.6670253244856585
6.481486060122113,6.447949420177237,6.474020957946777,6.460985189062008,6.462555246383298,6.460985189062008,7.274110974077008,6.491389561845433,6.468888648877291,6.464330903340461
6.301029995663981,7.13554438226145,6.538628101348877,6.837086241805164,6.801139272150786,6.837086241805164,7.932561587845831,6.5739749269509025,6.671224170104749,6.760485032404153
6.102372908709558,6.130871088651661,6.252643585205078,6.19175733692837,6.199090613601023,6.19175733692837,6.735378653720698,6.2618276362530105,6.150742138821033,6.207384185794866
6.013228265733755,5.88657999123712,6.174630641937256,6.030605316587188,6.047952050678292,6.030605316587188,6.466012493542542,6.177457776034565,6.0133480865361655,6.067570346555284
6.478861916295964,7.793945649618007,6.7201924324035645,7.257069041010785,7.192406414860788,7.257069041010785,8.428537374840529,6.7726879724087485,6.88715905979099,7.119276191884429
6.180229165473678,5.725749290902692,6.3162713050842285,6.02101029799346,6.056572197715097,6.02101029799346,6.440358573525575,6.314806591425376,6.17969173778772,6.096790942466869
6.2441251443275085,6.048222722946444,6.275844573974609,6.162033648460527,6.175741292284671,6.162033648460527,6.692622120359085,6.282850532716845,6.243410129658832,6.19124395756484
6.1938200260161125,6.187664951094514,6.2566938400268555,6.222179395560685,6.226336392873495,6.222179395560685,6.803789107099276,6.267363564689776,6.194618556585036,6.231037750651521
6.136677139879544,6.500245193604618,6.445596218109131,6.4729207058568745,6.469629683101094,6.4729207058568745,7.265559667404685,6.464350610960619,6.47070679369961,6.4659076995956255
6.4752145506787775,6.495759429852909,6.537936687469482,6.516848058661196,6.519388020542165,6.516848058661196,7.479342334212745,6.556522496373638,6.506416586186608,6.5222605914500615
6.657182685364267,6.1335895119942645,6.560117721557617,6.346853616775941,6.37253962517643,6.346853616775941,7.2142518273707505,6.569202959872158,6.492942058162282,6.401589226677968
6.309803919971486,6.569038767586615,6.518985271453857,6.5440120195202365,6.540997741699183,6.5440120195202365,7.509271907565873,6.539501368299599,6.541349109016815,6.537588742988631
6.045757490560675,5.889533277687118,6.102682590484619,5.9961079340858685,6.008944025383745,5.9961079340858685,6.436082920189413,6.10562688305709,6.0452959547479015,6.0234610079848085
6.815308569182402,6.464193346284184,6.5376787185668945,6.500936032425539,6.505361404176916,6.500936032425539,7.445137107523455,6.55543768643276,6.5052167633945865,6.510366280133866
6.376750709602099,6.342410689406672,6.490773677825928,6.4165921836163005,6.4255267696094744,6.4165921836163005,7.20997617403459,6.505368062294519,6.3772806468484005,6.435631343221543
6.167491087293763,5.940702141575199,6.437098026275635,6.188900083925416,6.21879360228716,6.188900083925416,6.765308227073826,6.44119793607509,6.167576998904549,6.25260168886674
6.716698771296451,6.74330164986967,6.6152262687683105,6.67926395931899,6.671551115851418,6.67926395931899,7.78718937441635,6.640254569137606,6.716123184868634,6.662828272438643
6.173925197299173,5.796088881053794,6.091564655303955,5.943826768178875,5.961620651559532,5.943826768178875,6.3420185467938675,6.092066994028202,6.038273465091821,5.981744651104867
6.590066876668706,6.485264568913782,6.521125793457031,6.503195181185406,6.505354784452474,6.503195181185406,7.419483187506488,6.5394459491838,6.5068540027737125,6.507797188633443
6.272458742971444,7.197855889758742,6.506739616394043,6.852297753076392,6.81067795395095,6.852297753076392,7.872702441139575,6.543736543477747,6.646715098072209,6.7636080254390105
6.721246399047171,6.521673723242851,6.456693649291992,6.489183686267422,6.48527051314559,6.489183686267422,7.321143160774781,6.476003300430151,6.493712950044002,6.480844908434133
6.769551078621726,6.295899880974855,6.502655982971191,6.399277931973023,6.411729016927444,6.399277931973023,7.205700520698429,6.516025283694062,6.428062727007748,6.425810576449975
6.548213564475709,7.1165156562660075,6.697500228881836,6.907007942573921,6.881774362364203,6.907007942573921,8.06938249460299,6.7322606752998055,6.785011922712535,6.853236434706456
6.920818753952375,6.971415398691724,6.681758403778076,6.826586901234901,6.8091434312889625,6.826586901234901,7.983869427879766,6.712726147825427,6.9201725712489885,6.789415731958152
6.393618634889395,6.464011933314313,6.5459208488464355,6.504966391080375,6.509899038078299,6.504966391080375,7.4622397208681,6.563670506118952,6.490037142221493,6.515477617178769
6.815024809301739,6.3998728823862745,6.523499488830566,6.4616861856084205,6.469131118863604,6.4616861856084205,7.368175347472554,6.5395811987571255,6.472469329752876,6.477550969114237
6.036212172654444,5.928795430201909,6.16082239151001,6.044808910855959,6.0587818353746,6.044808910855959,6.5130446802403155,6.164763142199222,6.036285640584408,6.074584519962598
6.795880017344075,6.901447927228259,6.520205020904541,6.710826474066399,6.6878675975492214,6.710826474066399,7.752984147727061,6.54942906095255,6.795436155021385,6.66190224694479
6.853871964321762,6.7957301558120005,6.587132453918457,6.691431304865229,6.678869316694163,6.691431304865229,7.791465027752512,6.613549837632424,6.757989102325107,6.664662331134291
6.708631149548418,6.859698777197107,6.503671646118164,6.681685211657635,6.660244857480222,6.681685211657635,7.684573694348482,6.531811064373003,6.708480624990071,6.635996880324932
6.603062918336848,6.55276618645134,6.487828254699707,6.520297220575523,6.516386585304318,6.520297220575523,7.419483187506488,6.507935264147151,6.532882727211531,6.511963850776042
6.3163984738550205,6.501555410790627,6.529736042022705,6.515645726406666,6.517342795707895,6.515645726406666,7.470791027540422,6.548478231776563,6.5146542671400365,6.519262096914705
6.769551078621726,6.461979496717375,6.557271957397461,6.5096257270574185,6.515364346193624,6.5096257270574185,7.479342334212745,6.574962090808499,6.518326159008573,6.521854439807107
6.431798275933005,6.8034779440249515,6.462691783905029,6.63308486396499,6.61256233819683,6.63308486396499,7.552028440927485,6.489380962893027,6.489556803035269,6.589352379449066
6.684029654543083,6.524740418261519,6.5136613845825195,6.519200901422019,6.518533709555766,6.519200901422019,7.449412760859616,6.533019875687121,6.519385949227287,6.517779148647059
6.698970004336019,5.328294015789534,6.131083011627197,5.729688513708366,5.778033369754386,5.729688513708366,5.8973505998331035,6.11930797830467,5.895740885639411,5.832709004087642
6.204815410317576,6.8475484527972865,6.649190902709961,6.748369677753624,6.736424363039131,6.748369677753624,7.885529401148059,6.676931529565354,6.730306410220207,6.722914804572277
6.420107856897075,6.092337128441586,6.547657489776611,6.319997309109098,6.347417213265352,6.319997309109098,7.150117027328333,6.555668868405933,6.419670043249348,6.378427764867225
6.0915149811213505,5.436250989610278,6.121861934661865,5.779056462136072,5.82034472419989,5.779056462136072,6.008517586573294,6.112920310130899,6.090606157545362,5.867039700739029
6.900008766455316,7.261520026399083,6.600029468536377,6.93077474746773,6.890939042243214,6.93077474746773,8.086485107947635,6.638642711086445,6.900101506225756,6.845886835444011
6.259637310505756,6.39503403181329,6.443196773529053,6.419115402671171,6.422015817135124,6.419115402671171,7.158668334000655,6.459196119792627,6.415501747906401,6.425296042036301
6.428291168191312,6.157343037689916,6.472816467285156,6.315079752487536,6.33407791715995,6.315079752487536,7.034674387251981,6.482572289141463,6.42757796572994,6.3555638991151575
6.508638306165727,6.230503201724163,6.305931568145752,6.268217384934958,6.272759765978226,6.268217384934958,6.880750867150177,6.31769636208447,6.274109001982918,6.277896973640768
6.924453038607469,6.743720923102174,6.697732925415039,6.7207269242586065,6.717957475325504,6.7207269242586065,7.851324174458769,6.722726584432841,6.723309516052035,6.7148253659439625
6.017728766960431,6.172923221461548,6.286080360412598,6.229501790937073,6.2363162410871515,6.229501790937073,6.808064760435437,6.296347623467616,6.214456958354121,6.244023046217221
6.826955601938874,5.673137677468812,6.319734573364258,5.996436125416535,6.035374917569822,5.996436125416535,6.38477508015548,6.316889599762787,6.122135991019862,6.079412760171424
6.050609993355087,6.9945645852914184,6.187350273132324,6.590957429211871,6.542346075640814,6.590957429211871,7.385277960817199,6.219197895563802,6.290043957291935,6.4873690458247415
6.661543506395395,6.951151932098413,6.648489952087402,6.799820942092907,6.781594297320618,6.799820942092907,7.953939854526638,6.678945221178247,6.662451249696298,6.7609808661058635
6.154901959985743,5.842201898379097,6.27585506439209,6.059028481385593,6.08514356267532,6.059028481385593,6.491666413559509,6.2774635830245815,6.154461823261947,6.114678424333015
6,5.506190980474034,6.406940937042236,5.956565958758135,6.010810134014063,5.956565958758135,6.294986360096094,6.399673987648089,5.999903773927818,6.072157605773601
6.247951552180561,6.54767000259855,6.530979633331299,6.539324817964925,6.538319705159736,6.539324817964925,7.522098867574357,6.550929268013524,6.539086622087534,6.537182972429623
6.221848749616356,5.204483892316404,6.103906154632568,5.654195023474486,5.708359243489596,5.654195023474486,5.764805346412107,6.08890251178645,6.009842216467689,5.769616289837467
6.330683119433888,6.285404680262769,6.460371494293213,6.372888087277991,6.383424785564825,6.372888087277991,7.115911800639044,6.473489219679258,6.331160101155861,6.395341268717912
6.145693958198919,6.697591326008019,6.422933101654053,6.560262213831036,6.543721986713955,6.560262213831036,7.398104920825682,6.446870197551644,6.514880294505576,6.525015810222672
6.161150909262744,6.175791410396469,6.2902092933654785,6.233000351880974,6.23989072545349,6.233000351880974,6.825167373780083,6.300549415362113,6.18807395480572,6.247683396208613
6.831557093088298,6.1498714765755,6.457368850708008,6.303620163641754,6.322138001285322,6.303620163641754,6.996193507226531,6.466937471390077,6.348311047296506,6.343080757194628
6.086186147616283,6.592589422346485,6.5212273597717285,6.556908391059107,6.552610887405953,6.556908391059107,7.560579747599807,6.542359208326283,6.554209480818116,6.5477506239259675
6.850472986245652,7.008979157771129,6.4602556228637695,6.7346173903174495,6.701572642019075,6.7346173903174495,7.684573694348482,6.492329970324145,6.850052246660054,6.664200670678907
6.428291168191312,6.448875555798499,6.520183086395264,6.484529321096881,6.488823540773,6.484529321096881,7.381002307481037,6.537550426273026,6.462320516035521,6.4936800902378415
6.795880017344075,6.754730650253642,6.4210357666015625,6.587883208427602,6.567787727302303,6.587883208427602,7.440861454187294,6.446470875672221,6.721081743793851,6.545060734864642
6.7447274948966935,6.56602445099825,6.512582302093506,6.5393033765458775,6.536085030244439,6.5393033765458775,7.4836179875489055,6.533022969202137,6.542762351328445,6.532445240204154
6.259637310505756,6.185843540962309,6.201441287994385,6.193642414478347,6.194581728343905,6.193642414478347,6.765308227073826,6.212093848787423,6.194550281073054,6.195644045736856
6.815024809301739,7.163122046334868,6.508988857269287,6.8360554518020775,6.796662815599706,6.8360554518020775,7.847048521122607,6.545074566321266,6.815088914098908,6.752111697888784
6.327902142064283,6.409002880907183,6.476779937744141,6.442891409325662,6.446973019902033,6.442891409325662,7.257008360732363,6.493126675462728,6.432990214279899,6.451589119020252
6.380906669373258,6.636720293893198,6.577512264251709,6.607116279072454,6.6035507049494555,6.607116279072454,7.667471081003837,6.599769149751513,6.603259058003912,6.599518217465128
6.686132779630847,6.298260061189733,6.372827529907227,6.33554379554848,6.34003433236395,6.33554379554848,6.96198828053724,6.3863304581262765,6.339497494073369,6.34511290677627
6.144012072824122,5.67748633289677,6.159747123718262,5.918616728307516,5.947659015421301,5.918616728307516,6.277883746751449,6.157104550399703,6.143081188685704,5.980504401679628
6.527243550682788,6.6299060406201775,6.632011890411377,6.630958965515777,6.63108578215818,6.630958965515777,7.718778921037771,6.654060114811638,6.63094837824133,6.631229205490763
6.346787486224656,6.880492470709374,6.470223426818848,6.675357948764111,6.650651085603474,6.675357948764111,7.628990200978386,6.498926105085446,6.547676081373844,6.622708848803619
6.769551078621726,6.817684954197222,6.613299369812012,6.715492162004617,6.703183832286326,6.715492162004617,7.842772867786446,6.6402774659257275,6.769027215322086,6.6892637218553475
6.301029995663981,6.486110569207525,6.477880001068115,6.48199528513782,6.481499631069392,6.48199528513782,7.325418814110941,6.4962462353830634,6.481902214843901,6.480939070901926
6.764471553092451,6.777893121850618,6.58459997177124,6.681246546810929,6.669606215959709,6.681246546810929,7.778638067744028,6.6105514525941125,6.763619244588567,6.6564415791153335
6.508638306165727,6.4395470377000015,6.563671588897705,6.501609313298854,6.509084233347014,6.501609313298854,7.466515374204262,6.5807704868205805,6.508526845029886,6.517537997173191
6.508638306165727,6.635077563725565,6.582679748535156,6.6088786561303605,6.605723200779527,6.6088786561303605,7.671746734339998,6.604890739399501,6.602098920981067,6.602154537285051
6.769551078621726,6.853316007435967,6.6047539710998535,6.729034989267911,6.714066303937793,6.729034989267911,7.868426787803413,6.632670272523559,6.769227676960833,6.69713746326072
6.519993057042849,7.347521364699445,6.724503040313721,7.036012202506583,6.99849333844314,7.036012202506583,8.231857321377115,6.765300554856098,6.848324843186337,6.956061364084189
6.468521082957745,6.694637168444716,6.399367332458496,6.547002250451606,6.529220768904776,6.547002250451606,7.329694467447103,6.4232400656179065,6.469049095947918,6.50911079521838
6.259637310505756,6.527099150378966,6.376255989074707,6.4516775697268365,6.442593624933632,6.4516775697268365,7.192873560689945,6.395752259740369,6.422210064601126,6.432320133926773
6.7447274948966935,6.6090270596267615,6.651217460632324,6.630122260129543,6.632663013520176,6.630122260129543,7.731605881046255,6.672708066715547,6.633971631528241,6.635536479586245
6.585026652029182,5.66931342230355,6.305680751800537,5.987497087052043,6.025819843213917,5.987497087052043,6.35056985346619,6.302743360169539,6.156646366280462,6.0691609796639785
6.259637310505756,6.2022622683351605,6.189127445220947,6.195694856778054,6.194903862960327,6.195694856778054,6.773859533746148,6.200216961342414,6.196358996983493,6.194009288184952
6.98654551349453,6.7372019143061,6.5363078117370605,6.63675486302158,6.624656794264347,6.63675486302158,7.667471081003837,6.561219949675439,6.665517345995832,6.610974478551595
6.221848749616356,6.0721513977194705,6.516691207885742,6.294421302802606,6.32119199004501,6.294421302802606,7.056052653932786,6.524190875035101,6.222173793661854,6.351468309517806
6.6777807052660805,5.9687714065426185,6.410748481750488,6.189759944146553,6.216376300608029,6.189759944146553,6.735378653720698,6.415598335016775,6.28962468943983,6.246478079622241
7.721246399047171,6.6780231082772925,7.273591041564941,6.975807074921117,7.011672845565336,6.975807074921117,7.868426787803413,7.296545071085611,7.094604796214744,7.052235253258868
7.356547323513812,7.188017392345305,7.649930477142334,7.4189739347438195,7.446790860120311,7.4189739347438195,8.471293908202142,7.686037472903301,7.356816454147441,7.478250423030433
8.280728825606944,8.121923343538876,8.27862548828125,8.200274415910062,8.209711195274194,8.200274415910062,9.001474921886128,8.338851744345284,8.275640385224182,8.220383724680543
7.818156412055227,7.421011682798565,7.569431304931641,7.4952214938651025,7.5041594904042075,7.4952214938651025,8.548255668253043,7.611686914600882,7.512222118834157,7.514267921174562
7.522878745280337,6.8217118492056485,7.59798526763916,7.209848558422404,7.2565966165810245,7.209848558422404,8.223306014704793,7.624524337036519,7.522074323133971,7.309466351703154
7.863279432843593,7.241423173122266,7.603419780731201,7.422421476926734,7.444221319693313,7.422421476926734,8.479845214874464,7.640951647383757,7.49656382412543,7.468875860612689
8.130768280269024,7.587588169585969,7.821649074554443,7.704618622070206,7.718714032963194,7.704618622070206,8.813346175095036,7.868129261597884,7.736682622463928,7.734655243565383
7.920818753952375,7.560855022446999,7.736946105957031,7.648900564202015,7.659504967261125,7.648900564202015,8.744935721716459,7.782772765162652,7.67730474433389,7.671498021153567
7.346787486224656,7.295834634290359,7.238705158233643,7.267269896262,7.2638294949731605,7.267269896262,8.257511241394083,7.277864207910043,7.277403635473609,7.259938571755823
7.335358024443875,7.079576705409056,7.44962739944458,7.2646020524268184,7.286886921334631,7.2646020524268184,8.261786894730243,7.483004179437714,7.334977667824998,7.3120900027629485
7.853871964321762,7.677345291040077,7.871801376342773,7.774573333691425,7.786283697809486,7.774573333691425,8.877480975137455,7.9206053304301,7.853064673160399,7.79952753880508
7.769551078621726,5.579430504393207,7.1827311515808105,6.381080827987009,6.477633395833179,6.381080827987009,6.8593726004693725,7.176953959803934,6.843590364282935,6.586829561159826
7.015922966097169,6.989842192702491,7.35290002822876,7.171371110465625,7.193234861570712,7.171371110465625,8.159171214662376,7.3839793892216585,7.016774601806587,7.217961679651152
7.671620396561262,7.566193617711909,7.792285442352295,7.679239530032103,7.692855033946696,7.679239530032103,8.777003121737668,7.838221362372628,7.6716872041593245,7.70825349355921
7.202792674343291,6.743622277027702,7.523306369781494,7.133464323404598,7.180417776206006,7.133464323404598,8.103587721292278,7.547840907354139,7.202615292325207,7.233519802481767
7.886056647693163,7.512058303494351,7.523677825927734,7.517868064711043,7.518567805417851,7.517868064711043,8.57390958827001,7.5683440208829715,7.517959490413112,7.519359177450836
7.239758233629604,6.278984605701379,7.124615669250488,6.701800137475933,6.752724991014398,6.701800137475933,7.4750666808765835,7.1371978754162155,7.033501201409532,6.810318474546406
8.119186407719209,7.647524989482819,7.665505409240723,7.65651519936177,7.657598000458135,7.65651519936177,8.749211375052619,7.71364219689386,7.656689512263263,7.658822594792311
7.0655015487564325,6.5665860772265505,7.186648845672607,6.8766174614495785,6.913958338610883,6.8766174614495785,7.765811107735544,7.206731471862551,7.064894265707558,6.956189018611483
7.769551078621726,7.807646746056461,7.902612209320068,7.855129477688265,7.86084840467235,7.855129477688265,8.93306446850755,7.954812826442594,7.829088226896769,7.867316227438494
7.412289034981089,7.474420783918062,7.62664270401001,7.5505317439640365,7.559698719161815,7.5505317439640365,8.620941774967783,7.670265913874163,7.508929003817482,7.570066113438026
7.628932137728263,7.6597213886957185,7.678757190704346,7.669239289700032,7.670385647102288,7.669239289700032,8.762038335061103,7.727206177434119,7.667046196368645,7.671682120466097
7.036212172654444,7.1125280295527995,7.446516990661621,7.27952251010721,7.299635700907636,7.27952251010721,8.270338201402566,7.4807587655952945,7.165376064948994,7.322382722109484
8.20551195334083,7.091531222220003,8.343822479248047,7.7176768507340245,7.793091238403275,7.7176768507340245,8.620941774967783,8.377017965106598,8.20473408759414,7.8783811703816715
7.187086643357144,6.92700994231523,7.3438286781311035,7.135419310223167,7.160520603196517,7.135419310223167,8.112139027964602,7.373266945503793,7.186839914504227,7.188908920551238
7.886056647693163,7.2050936917373765,7.402335166931152,7.303714429334264,7.315592532763668,7.303714429334264,8.3216460414365,7.439026454626816,7.32038740375315,7.329026078600696
7.698970004336019,7.294973002412135,7.480717658996582,7.387845330704359,7.399031082789216,7.387845330704359,8.402883454823563,7.519720303786467,7.415479382386531,7.411681613595472
7.346787486224656,7.342044175647046,7.481709003448486,7.4118765895477665,7.420287362527667,7.4118765895477665,8.445639988185174,7.521944293645712,7.347706403140497,7.429799529602304
7.434152181326482,5.8880820386724055,7.1620259284973145,6.5250539835848596,6.601772317148997,6.5250539835848596,7.141565720656011,7.164346390411462,6.970866599863376,6.6885369472601415
8.67778070526608,8.208437321619266,8.221541404724121,8.214989363171693,8.21577850579149,8.214989363171693,9.001474921886128,8.284065763441436,8.215081924728171,8.216670986953822
9.045757490560675,7.011986110692012,8.120650291442871,7.566318201067442,7.633083204698131,7.566318201067442,8.569633934933849,8.151885228426472,7.7738809620673734,7.708591112329405
9.309803919971486,7.734404316029564,7.799046039581299,7.766725177805432,7.77061797508576,7.766725177805432,8.868929668465132,7.849385087164222,7.767401722386616,7.775020535731099
9.496724195456675,8.257427215644999,8.404780387878418,8.331103801761708,8.339977575488657,8.331103801761708,9.018577535230774,8.468486877758716,8.335756762888696,8.35001337344385
7.585026652029182,7.416881745645578,7.853932857513428,7.635407301579503,7.661727010989516,7.635407301579503,8.736384415044135,7.895922941450454,7.585256149908534,7.691493296901913
7.769551078621726,7.528103764761309,7.79149055480957,7.659797159785439,7.675658608454177,7.659797159785439,8.757762681724941,7.836429017803871,7.7687239544169655,7.693597120187091
7.522878745280337,6.379232382165579,7.320116996765137,6.849674689465358,6.90633581895838,6.849674689465358,7.6503684676591925,7.335217432162216,7.177937271970905,6.970416746081644
7.0915149811213505,6.429646916723024,7.218543529510498,6.82409522311676,6.871603464233852,6.82409522311676,7.628990200978386,7.235020919043566,7.090838736581468,6.925332928577724
7.013228265733755,6.978557620466669,7.409933567047119,7.194245593756894,7.220223538331715,7.194245593756894,8.193376441351663,7.44068575010004,7.014063648174572,7.249603305166691
7.031743128760553,5.849186337206111,7.323678493499756,6.586432415352933,6.675227991035459,6.586432415352933,7.184322254017623,7.324890553926358,7.031139927840711,6.775651382963801
7.2839966563652006,6.548622239784849,7.12841796875,6.838520104267424,6.873436055031883,6.838520104267424,7.731605881046255,7.148062170861025,7.026751202713001,6.9129242635514885
7.029188389127482,7.2995508332975305,7.624848365783691,7.462199599540611,7.48178938273608,7.462199599540611,8.522601748236076,7.663891239426107,7.4012458257078695,7.503944455897199
7.455931955649724,6.809837742826986,7.385488986968994,7.09766336489799,7.1323297301260276,7.09766336489799,8.065106841266829,7.411834481864845,7.328252931737714,7.171535669783124
7.962573502059376,7.42492280851699,7.520694732666016,7.472808770591502,7.4785762635569535,7.472808770591502,8.514050441563754,7.563079758945896,7.4774812036674145,7.4850990120392
7.552841968657781,7.179027006352777,7.684077262878418,7.431552134615597,7.461966828980286,7.431552134615597,8.484120868210624,7.719929841147016,7.552363555196862,7.496364339769405
7.262489309326524,7.294204822700847,7.988663673400879,7.641434248050863,7.683255340942084,7.641434248050863,8.689352228346362,8.027365302002728,7.324103336277938,7.730552922719159
7.585026652029182,7.615709481457212,7.86553955078125,7.740624516119231,7.755669563821753,7.740624516119231,8.843275748448166,7.912732202539744,7.640982251039289,7.772684766554521
7.3979400086720375,7.2058830158608425,7.6908674240112305,7.448375219936036,7.477581526348009,7.448375219936036,8.531153054908398,7.727419834232232,7.398147141427911,7.510612410297399
7.101296975161809,8.078353744919276,8.131357192993164,8.10485546895622,8.108047396200316,8.10485546895622,8.984372308541484,8.19052342987339,8.104156314669765,8.111657307597103
7.251811972993799,6.9182607620443886,7.290329933166504,7.104295347605446,7.126701771473142,7.104295347605446,8.065106841266829,7.319568569714872,7.251023259906614,7.152042325532086
7.638272163982407,7.503837045274399,7.767279148101807,7.6355580966881025,7.651422876354598,7.6355580966881025,8.732108761707973,7.811595248472158,7.638251714571666,7.669365155280763
8.397940008672037,6.707854914514729,7.7052178382873535,7.206536376401042,7.266598693180947,7.206536376401042,8.21475470803247,7.7287147290763745,7.415092601574089,7.334526194430312
7.152465023828446,6.304855577291521,7.217703819274902,6.761279698283212,6.8162524458910685,6.761279698283212,7.526374520910518,7.230912328627747,7.151609832098074,6.878423896844205
7.113509274827518,7.3264826446443205,7.713831901550293,7.520157273097307,7.543483880912991,7.520157273097307,8.612390468295462,7.753531140605122,7.428141951384436,7.5698651173769385
7.441291429466834,7.302111298804172,7.535218715667725,7.418665007235948,7.432702998003085,7.418665007235948,8.462742601529818,7.574378234286086,7.441098952151292,7.448579269290912
7.171764031465925,6.681715359133279,7.222057342529297,6.951886350831288,6.984426352672798,6.951886350831288,7.855599827794929,7.245136601263928,7.170953186326265,7.021227480805154
7.4089353929735005,7.280352628042795,7.417942523956299,7.349147575999547,7.357433394247946,7.349147575999547,8.364402574798111,7.4565968512947824,7.40807877198983,7.36680424371888
7.275724130399211,7.30723036268983,7.521674156188965,7.414452259439397,7.427366305820739,7.414452259439397,8.449915641521336,7.5609752766048635,7.332174372935468,7.441971451754709
7.795880017344075,7.687831530285171,8.120770454406738,7.904300992345955,7.930373061185833,7.904300992345955,8.937340121843711,8.169711453739765,7.796378574585052,7.959859277896121
7.552841968657781,6.8153964658875426,7.356689929962158,7.08604319792485,7.118640499002742,7.08604319792485,8.056555534594505,7.383196980705474,7.24262687908269,7.155506429729463
7.393618634889395,6.8969694343828385,7.330148696899414,7.113559065641127,7.139645607929406,7.113559065641127,8.07793380127531,7.358807513301111,7.280466986599203,7.169148193391969
7.939302159646388,7.575767614135124,7.792285442352295,7.6840265282437095,7.697065475327972,7.6840265282437095,8.78555442840999,7.838472186612719,7.729758509937883,7.711811877762002
7.113509274827518,6.022578546877583,7.207575798034668,6.615077172456125,6.686439039421357,6.615077172456125,7.269835320740846,7.213394676441784,7.112669454681539,6.767145771484335
7.853871964321762,7.129500330515154,7.901724338531494,7.515612334523324,7.5621165326331585,7.515612334523324,8.578185241606171,7.9361590352252644,7.852998161323415,7.614710474135318
7.482804102050026,7.598402008418444,7.715594291687012,7.656998150052727,7.664055601131029,7.656998150052727,8.766313988397265,7.7624164326147715,7.637399836904715,7.672037228258324
8.154901959985743,7.277722145873376,7.814760208129883,7.5462411770016296,7.578582212996938,7.5462411770016296,8.629493081640106,7.853126183057008,7.664507714870663,7.615158320625742
7.096910013008056,6.517047913870292,7.327040195465088,6.9220440546676905,6.970822700681923,6.9220440546676905,7.774362414407867,7.3457473610686215,7.096479304583102,7.025988929953696
7.958607314841775,7.532867392447727,7.890120983123779,7.711494187785753,7.733008400739227,7.711494187785753,8.817621828431198,7.935129703941861,7.840094928872412,7.757339908506925
7.309803919971486,6.960218657803668,7.343557834625244,7.151888246214456,7.1749733624982195,7.151888246214456,8.124965987973084,7.373866269940552,7.308984300876125,7.201081484017298
7.2441251443275085,7.183659141255667,7.536925792694092,7.3602924669748795,7.381566581964247,7.3602924669748795,8.377229534806595,7.57298109976135,7.244779116898123,7.405626550843152
7.721246399047171,7.3011544758815035,7.719223499298096,7.5101889875898,7.535365574288382,7.5101889875898,8.6081148149593,7.758256197081316,7.716243691289272,7.563839045111854
8.096910013008056,7.133955159093517,7.890026569366455,7.511990864229986,7.557522334740511,7.511990864229986,8.57390958827001,7.924584444632611,7.755899933691305,7.609016169574131
7.853871964321762,7.463091583004462,7.997130870819092,7.730111226911777,7.762271673338147,7.730111226911777,8.79196790841423,8.040252395046572,7.853410204371611,7.798643543121536
8.581521631470224,6.994820916774893,7.64285135269165,7.318836134733272,7.357861256278623,7.318836134733272,8.372953881470433,7.673900807422829,7.401915240839742,7.401996733140802
7,6.937064646836072,7.46353816986084,7.200301408348456,7.232006235911662,7.200301408348456,8.201927748023987,7.493173656682428,7.000758037629593,7.267862823359038
7.2441251443275085,7.416195475357811,7.491120338439941,7.453657906898876,7.458169966404865,7.453657906898876,8.484120868210624,7.533293076237134,7.446991800589208,7.46327288191266
7.732828271596986,7.199025380368585,7.587175369262695,7.39310037481564,7.416475203612054,7.39310037481564,8.424261721504369,7.6236054608678945,7.5036434322683006,7.442910975613495
7.259637310505756,6.792994576406867,7.230809211730957,7.011901894068912,7.038267583720025,7.011901894068912,7.941112894518154,7.256798978086401,7.204558068297961,7.068085871004531
7.958607314841775,7.408587016117283,7.6421990394592285,7.525393027788256,7.539461406524938,7.525393027788256,8.599563508286977,7.684088901522666,7.556814482054678,7.555372045099112
7.3979400086720375,7.200146106992658,7.665098667144775,7.432622387068717,7.460622353068908,7.432622387068717,8.50122348155527,7.701515028986827,7.398088556431944,7.492288925845808
7.2839966563652006,7.05247237716909,7.836015701293945,7.444244039231517,7.491429899285702,7.444244039231517,8.522601748236076,7.868468718473026,7.284404647568091,7.544794766637195
8.397940008672037,7.72865333387174,8.069439888000488,7.899046610936114,7.919569160431928,7.899046610936114,8.93306446850755,8.119478742395595,7.957126731618313,7.942779146014493
7.379201858922964,6.851885589608353,7.3556809425354,7.1037832660718765,7.1341223887307486,7.1037832660718765,8.082209454611473,7.38314451114944,7.333335260940418,7.16843443166887
7.187086643357144,7.497099143409911,7.584279537200928,7.54068934030542,7.545939441651743,7.54068934030542,8.595287854950815,7.628520312389263,7.535330934174441,7.551877045874847
7.540607512240769,7.421354839809305,7.570873737335205,7.4961142885722545,7.505118484711623,7.4961142885722545,8.556806974925365,7.613137539543322,7.540020216208458,7.5153017839464455
7.920818753952375,7.397048020542319,7.786074161529541,7.5915610910359295,7.614988682696602,7.5915610910359295,8.68080092167404,7.82758215728137,7.7061241696295815,7.641484126880538
7.638272163982407,7.50635590385854,7.519601345062256,7.512978624460398,7.513776279823861,7.512978624460398,8.548255668253043,7.564120400032288,7.5133259140235555,7.5146783884770585
8.301029995663981,7.217935980647326,7.660186290740967,7.439061135694146,7.465693946667688,7.439061135694146,8.509774788227592,7.697071436906596,7.495721736629608,7.495814334918923
7.5713337517843655,7.337657207956734,7.34399938583374,7.340828296895237,7.341210229978614,7.340828296895237,8.351575614789628,7.3841958966827015,7.340871733474563,7.341642177352429
7.962180904926726,5.982683385282158,7.236785888671875,6.6097346369770165,6.68525809993887,6.6097346369770165,7.265559667404685,7.241543421124786,6.900247294600081,6.770671390663177
7.641494088509765,7.691957489724036,8.078926086425781,7.885441788074909,7.90874547210505,7.885441788074909,8.93306446850755,8.127998319341481,7.732608453551702,7.935100782904547
7.301029995663981,6.482102935615659,7.364086151123047,6.923094543369353,6.976208564375854,6.923094543369353,7.774362414407867,7.381857324910788,7.3001749218443335,7.036277887733774
8.500038134403809,6.684242385887793,7.460021018981934,7.072131702434863,7.118849964063973,7.072131702434863,8.009523347896732,7.483034889541091,7.177427695597993,7.171686000789103
7.462180904926726,7.233587388148371,7.599894046783447,7.41674071746591,7.43880011635183,7.41674071746591,8.471293908202142,7.6372225774187825,7.461934153007392,7.463748202368468
7.853871964321762,7.659654579869972,7.774308681488037,7.716981630679005,7.723886229604188,7.716981630679005,8.809070521758876,7.8227030785373355,7.740814996424394,7.731694988527617
7.06198090252379,6.899150434332403,7.312254905700684,7.105702670016543,7.130580285808259,7.105702670016543,8.052279881258345,7.340980756162721,7.062191556807271,7.158715635364709
7.5718652059712115,7.395202435638412,7.711309909820557,7.553256172729484,7.572292520279889,7.553256172729484,8.642320041648588,7.752810898210637,7.5717482075681435,7.593821685176273
7.0528696677765055,6.023079379337281,7.345256328582764,6.684167853960022,6.763790836599366,6.684167853960022,7.372451000808715,7.351012191551977,7.052312790821312,6.853840480746985
7.309803919971486,7.328410457093484,7.555750370025635,7.442080413559559,7.455771078754529,7.442080413559559,8.492672174882948,7.595587532974129,7.345132642387435,7.471254542047225
7.45717457304082,7.258277574278118,7.378622531890869,7.318450053084494,7.325697361756907,7.318450053084494,8.32592169477266,7.416720269891071,7.344363380300328,7.333893708406402
7.657577319177793,6.117290295400136,7.34950065612793,6.733395475764032,6.807600569277604,6.733395475764032,7.457964067531939,7.357722355659215,7.143677622969413,6.891522849545664
7.853871964321762,7.463973255512982,7.5456013679504395,7.504787311731711,7.509703048451518,7.504787311731711,8.552531321589203,7.588995683719816,7.509545552839116,7.515262502866171
7.920818753952375,7.348912448048933,7.76215934753418,7.5555358977915565,7.580422090764633,7.5555358977915565,8.650871348320912,7.80241948876489,7.67209404203841,7.608567140687784
7.432973633840939,7.496750821003333,7.9686431884765625,7.732697004739948,7.761114893740661,7.732697004739948,8.804794868422714,8.012662287395056,7.547574706285238,7.793254116702603
8.684029654543082,7.808089506338593,8.143653869628906,7.97587168798375,7.9960797512750474,7.97587168798375,8.980096655205323,8.19573279183743,8.015567865429501,8.018934068558492
7.301029995663981,6.333368464511021,7.274370193481445,6.8038693289962335,6.86053751124836,6.8038693289962335,7.56913105427213,7.288294361238332,7.2482461702312255,6.924626414692364
7.5376020021010435,7.378791133126722,7.470487594604492,7.424639363865607,7.430161427886236,7.424639363865607,8.449915641521336,7.511691804933943,7.44308453409362,7.43640660840491
7.657577319177793,7.2036514589742735,7.6646809577941895,7.434166208384232,7.461929923219611,7.434166208384232,8.50122348155527,7.701189385552331,7.6566123218661195,7.493329307646922
7.6777807052660805,7.488119740399688,7.590484619140625,7.539302179770157,7.545466707874748,7.539302179770157,8.599563508286977,7.634486716165491,7.558083867421336,7.552438483406832
9.397940008672037,8.584038162630915,9.031404495239258,8.807721328935086,8.834662232537307,8.807721328935086,9.031404495239258,9.103321179125162,8.892350182188032,8.865131058270501
8.045757490560675,7.633340316171897,7.691558837890625,7.662449577031261,7.665955561874473,7.662449577031261,8.762038335061103,7.739309601149143,7.66465444723546,7.669920656838927
7,6.217542001264958,7.315202236175537,6.7663721187202475,6.832474452358766,6.7663721187202475,7.509271907565873,7.326069345737853,6.999575090789204,6.90723291309664
7.87942606879415,7.625265935906905,7.605374813079834,7.615320374493369,7.61412250870964,7.615320374493369,8.693627881682524,7.652961699014482,7.615693486780118,7.612767781921144
7.769551078621726,7.597572907601806,7.64097261428833,7.6192727609450674,7.621886340083643,7.6192727609450674,8.697903535018686,7.687814299358809,7.622385458404631,7.624842168458553
7.090979145788844,7.4784139200378315,7.597220420837402,7.5378171704376165,7.544971831510784,7.5378171704376165,8.599563508286977,7.640964515177014,7.529937656051077,7.553063398320756
7.876148359032914,7.575251559418109,7.513281345367432,7.544266452392771,7.540534536418642,7.544266452392771,8.569633934933849,7.559608857333784,7.547150588893494,7.536313924551068
7.56656109283125,7.006871953622581,7.319613456726074,7.163242705174328,7.182076350161424,7.163242705174328,8.133517294645408,7.351157378993832,7.223719331237662,7.203376268512543
7.026872146400302,6.1264082592005,7.0435357093811035,6.584971984290801,6.640202430628161,6.584971984290801,7.338245774119425,7.052165482531659,7.0259105819034025,6.702665326062775
7.356547323513812,6.907845844089674,7.588420867919922,7.248133356004798,7.289118349229896,7.248133356004798,8.270338201402566,7.617221806890349,7.356229661824697,7.335470343754263
7.400007822415902,7.676047138958214,8.0284423828125,7.852244760885357,7.873466398730132,7.852244760885357,8.907410548490583,8.077125705757924,7.783747250339065,7.897467018561313
9.619788758288394,6.581061170037325,8.564787864685059,7.572924517361192,7.692386769565237,7.572924517361192,8.313094734764178,8.584487613983576,8.05332398921245,7.8274926516040235
7.5376020021010435,7.579915435335907,7.634644985198975,7.60728021026744,7.61057608530224,7.60728021026744,8.685076575010202,7.68102757031652,7.596685276885846,7.61430355649461
7.214670164989233,6.7467080686140095,7.317028999328613,7.031868533971311,7.066213901730942,7.031868533971311,7.958215507862798,7.3417584501028745,7.214031356861808,7.105056809172414
7.008773924307505,6.853841676997852,7.5485520362854,7.2011968566416265,7.243033095662803,7.2011968566416265,8.21475470803247,7.575960194897816,7.0093262999963954,7.290347806961625
7.522878745280337,7.179723413970652,7.3936614990234375,7.286692456497045,7.29957604854709,7.286692456497045,8.283165161411048,7.429692920261128,7.334934604547463,7.314146752142868
8,7.766115404559948,7.844367504119873,7.80524145433991,7.809953883767989,7.80524145433991,8.8945835884821,7.895512271814421,7.813061535788831,7.815283407719527
7.080921907623926,6.219265568361182,7.285974979400635,6.7526202738809085,6.81685871410246,6.7526202738809085,7.500720600893551,7.296903406310879,7.080307518660281,6.889509203832927
7.954677021213342,7.385251859338495,7.5218095779418945,7.453530718640195,7.461754378010321,7.453530718640195,8.488396521546786,7.5631546687930165,7.4628148706963815,7.4710549288729435
7.259637310505756,6.658185333530951,7.392523765563965,7.025354549547458,7.06957723567017,7.025354549547458,7.958215507862798,7.414892306291726,7.259000965176581,7.119590900275523
7.721246399047171,7.731105508518626,7.811159610748291,7.771132559633458,7.775953507688618,7.771132559633458,8.868929668465132,7.861405535828096,7.739647283430852,7.7814057608249705
7.327902142064283,6.735975746671644,7.43258810043335,7.084281923552497,7.126232702819654,7.084281923552497,8.026625961241377,7.456972477112768,7.327204701725017,7.173676953455603
